Metric ID,Metric Description,Grouping Level,Grouping Description,Region or Coverage Category,Age Inpatient Type,Year,Quarter,Numerator,Denominator,Rate,YTD Numerator,YTD Denominator,YTD Rate
4,30-Day MH Readmission,2,COVERAGE CATEGORY,FFS,Adult-Art28 and 31,2017,Q1,507,3361,0.150847962,507,3361,0.150847962
4,30-Day MH Readmission,2,COVERAGE CATEGORY,FFS,Youth-Art28 and 31,2017,Q1,74,671,0.110283159,74,671,0.110283159
4,30-Day MH Readmission,4,COVERAGE CATEGORY BY PROVIDER REGION,FFS-NEW YORK CITY,Adult-Art28 and 31,2017,Q1,314,1946,0.161356629,314,1946,0.161356629
4,30-Day MH Readmission,4,COVERAGE CATEGORY BY PROVIDER REGION,FFS-NEW YORK CITY,Youth-Art28 and 31,2017,Q1,36,321,0.112149533,36,321,0.112149533
4,30-Day MH Readmission,4,COVERAGE CATEGORY BY PROVIDER REGION,FFS-REST OF STATE,Adult-Art28 and 31,2017,Q1,193,1415,0.13639576,193,1415,0.13639576
4,30-Day MH Readmission,4,COVERAGE CATEGORY BY PROVIDER REGION,FFS-REST OF STATE,Youth-Art28 and 31,2017,Q1,38,350,0.108571429,38,350,0.108571429
4,30-Day MH Readmission,2,COVERAGE CATEGORY,HARP,Adult-Art28 and 31,2017,Q1,627,2775,0.225945946,627,2775,0.225945946
4,30-Day MH Readmission,4,COVERAGE CATEGORY BY PROVIDER REGION,HARP-NEW YORK CITY,Adult-Art28 and 31,2017,Q1,430,1769,0.243075184,430,1769,0.243075184
4,30-Day MH Readmission,4,COVERAGE CATEGORY BY PROVIDER REGION,HARP-REST OF STATE,Adult-Art28 and 31,2017,Q1,197,1006,0.19582505,197,1006,0.19582505
4,30-Day MH Readmission,2,COVERAGE CATEGORY,HIV SNP,Adult-Art28 and 31,2017,Q1,25,141,0.177304965,25,141,0.177304965
4,30-Day MH Readmission,4,COVERAGE CATEGORY BY PROVIDER REGION,HIV SNP-NEW YORK CITY,Adult-Art28 and 31,2017,Q1,25,141,0.177304965,25,141,0.177304965
4,30-Day MH Readmission,2,COVERAGE CATEGORY,MAINSTREAM,Adult-Art28 and 31,2017,Q1,842,5551,0.151684381,842,5551,0.151684381
4,30-Day MH Readmission,2,COVERAGE CATEGORY,MAINSTREAM,Youth-Art28 and 31,2017,Q1,244,2425,0.100618557,244,2425,0.100618557
4,30-Day MH Readmission,4,COVERAGE CATEGORY BY PROVIDER REGION,MAINSTREAM-NEW YORK CITY,Adult-Art28 and 31,2017,Q1,456,2736,0.166666667,456,2736,0.166666667
4,30-Day MH Readmission,4,COVERAGE CATEGORY BY PROVIDER REGION,MAINSTREAM-NEW YORK CITY,Youth-Art28 and 31,2017,Q1,127,1182,0.107445008,127,1182,0.107445008
4,30-Day MH Readmission,4,COVERAGE CATEGORY BY PROVIDER REGION,MAINSTREAM-REST OF STATE,Adult-Art28 and 31,2017,Q1,386,2815,0.137122558,386,2815,0.137122558
4,30-Day MH Readmission,4,COVERAGE CATEGORY BY PROVIDER REGION,MAINSTREAM-REST OF STATE,Youth-Art28 and 31,2017,Q1,117,1243,0.094127112,117,1243,0.094127112
4,30-Day MH Readmission,3,PROVIDER REGION,NEW YORK CITY,Adult-Art28 and 31,2017,Q1,1225,6592,0.185831311,1225,6592,0.185831311
4,30-Day MH Readmission,3,PROVIDER REGION,NEW YORK CITY,Youth-Art28 and 31,2017,Q1,163,1503,0.108449767,163,1503,0.108449767
4,30-Day MH Readmission,3,PROVIDER REGION,REST OF STATE,Adult-Art28 and 31,2017,Q1,776,5236,0.148204736,776,5236,0.148204736
4,30-Day MH Readmission,3,PROVIDER REGION,REST OF STATE,Youth-Art28 and 31,2017,Q1,155,1593,0.097300691,155,1593,0.097300691
4,30-Day MH Readmission,1,STATEWIDE,STATEWIDE,Adult-Art28 and 31,2017,Q1,2001,11828,0.169174839,2001,11828,0.169174839
4,30-Day MH Readmission,1,STATEWIDE,STATEWIDE,Youth-Art28 and 31,2017,Q1,318,3096,0.102713178,318,3096,0.102713178
5,90-Day MH Readmission,2,COVERAGE CATEGORY,FFS,Adult-Art28 and 31,2017,Q1,799,3326,0.240228503,799,3326,0.240228503
5,90-Day MH Readmission,2,COVERAGE CATEGORY,FFS,Youth-Art28 and 31,2017,Q1,120,644,0.186335404,120,644,0.186335404
5,90-Day MH Readmission,4,COVERAGE CATEGORY BY PROVIDER REGION,FFS-NEW YORK CITY,Adult-Art28 and 31,2017,Q1,504,1927,0.261546445,504,1927,0.261546445
5,90-Day MH Readmission,4,COVERAGE CATEGORY BY PROVIDER REGION,FFS-NEW YORK CITY,Youth-Art28 and 31,2017,Q1,66,309,0.213592233,66,309,0.213592233
5,90-Day MH Readmission,4,COVERAGE CATEGORY BY PROVIDER REGION,FFS-REST OF STATE,Adult-Art28 and 31,2017,Q1,295,1399,0.210864904,295,1399,0.210864904
5,90-Day MH Readmission,4,COVERAGE CATEGORY BY PROVIDER REGION,FFS-REST OF STATE,Youth-Art28 and 31,2017,Q1,54,335,0.16119403,54,335,0.16119403
5,90-Day MH Readmission,2,COVERAGE CATEGORY,HARP,Adult-Art28 and 31,2017,Q1,1087,2737,0.397150164,1087,2737,0.397150164
5,90-Day MH Readmission,4,COVERAGE CATEGORY BY PROVIDER REGION,HARP-NEW YORK CITY,Adult-Art28 and 31,2017,Q1,751,1753,0.428408443,751,1753,0.428408443
5,90-Day MH Readmission,4,COVERAGE CATEGORY BY PROVIDER REGION,HARP-REST OF STATE,Adult-Art28 and 31,2017,Q1,336,984,0.341463415,336,984,0.341463415
5,90-Day MH Readmission,2,COVERAGE CATEGORY,HIV SNP,Adult-Art28 and 31,2017,Q1,50,141,0.354609929,50,141,0.354609929
5,90-Day MH Readmission,4,COVERAGE CATEGORY BY PROVIDER REGION,HIV SNP-NEW YORK CITY,Adult-Art28 and 31,2017,Q1,50,141,0.354609929,50,141,0.354609929
5,90-Day MH Readmission,2,COVERAGE CATEGORY,MAINSTREAM,Adult-Art28 and 31,2017,Q1,1426,5488,0.25983965,1426,5488,0.25983965
5,90-Day MH Readmission,2,COVERAGE CATEGORY,MAINSTREAM,Youth-Art28 and 31,2017,Q1,420,2350,0.178723404,420,2350,0.178723404
5,90-Day MH Readmission,4,COVERAGE CATEGORY BY PROVIDER REGION,MAINSTREAM-NEW YORK CITY,Adult-Art28 and 31,2017,Q1,785,2715,0.289134438,785,2715,0.289134438
5,90-Day MH Readmission,4,COVERAGE CATEGORY BY PROVIDER REGION,MAINSTREAM-NEW YORK CITY,Youth-Art28 and 31,2017,Q1,213,1142,0.186514886,213,1142,0.186514886
5,90-Day MH Readmission,4,COVERAGE CATEGORY BY PROVIDER REGION,MAINSTREAM-REST OF STATE,Adult-Art28 and 31,2017,Q1,641,2773,0.231157591,641,2773,0.231157591
5,90-Day MH Readmission,4,COVERAGE CATEGORY BY PROVIDER REGION,MAINSTREAM-REST OF STATE,Youth-Art28 and 31,2017,Q1,207,1208,0.171357616,207,1208,0.171357616
5,90-Day MH Readmission,3,PROVIDER REGION,NEW YORK CITY,Adult-Art28 and 31,2017,Q1,2090,6536,0.319767442,2090,6536,0.319767442
5,90-Day MH Readmission,3,PROVIDER REGION,NEW YORK CITY,Youth-Art28 and 31,2017,Q1,279,1451,0.192281185,279,1451,0.192281185
5,90-Day MH Readmission,3,PROVIDER REGION,REST OF STATE,Adult-Art28 and 31,2017,Q1,1272,5156,0.24670287,1272,5156,0.24670287
5,90-Day MH Readmission,3,PROVIDER REGION,REST OF STATE,Youth-Art28 and 31,2017,Q1,261,1543,0.169151005,261,1543,0.169151005
5,90-Day MH Readmission,1,STATEWIDE,STATEWIDE,Adult-Art28 and 31,2017,Q1,3362,11692,0.287547041,3362,11692,0.287547041
5,90-Day MH Readmission,1,STATEWIDE,STATEWIDE,Youth-Art28 and 31,2017,Q1,540,2994,0.180360721,540,2994,0.180360721
4,30-Day MH Readmission,2,COVERAGE CATEGORY,FFS,Adult-Art28 and 31,2017,Q2,566,3604,0.157047725,1073,6965,0.154055994
4,30-Day MH Readmission,2,COVERAGE CATEGORY,FFS,Youth-Art28 and 31,2017,Q2,76,686,0.110787172,150,1357,0.110537951
4,30-Day MH Readmission,4,COVERAGE CATEGORY BY PROVIDER REGION,FFS-NEW YORK CITY,Adult-Art28 and 31,2017,Q2,369,2178,0.169421488,683,4124,0.165615907
4,30-Day MH Readmission,4,COVERAGE CATEGORY BY PROVIDER REGION,FFS-NEW YORK CITY,Youth-Art28 and 31,2017,Q2,41,355,0.115492958,77,676,0.113905325
4,30-Day MH Readmission,4,COVERAGE CATEGORY BY PROVIDER REGION,FFS-REST OF STATE,Adult-Art28 and 31,2017,Q2,197,1426,0.138148668,390,2841,0.137275607
4,30-Day MH Readmission,4,COVERAGE CATEGORY BY PROVIDER REGION,FFS-REST OF STATE,Youth-Art28 and 31,2017,Q2,35,331,0.105740181,73,681,0.107195301
4,30-Day MH Readmission,2,COVERAGE CATEGORY,HARP,Adult-Art28 and 31,2017,Q2,660,3032,0.2176781,1287,5807,0.221629068
4,30-Day MH Readmission,4,COVERAGE CATEGORY BY PROVIDER REGION,HARP-NEW YORK CITY,Adult-Art28 and 31,2017,Q2,482,1956,0.246421268,912,3725,0.244832215
4,30-Day MH Readmission,4,COVERAGE CATEGORY BY PROVIDER REGION,HARP-REST OF STATE,Adult-Art28 and 31,2017,Q2,178,1076,0.165427509,375,2082,0.180115274
4,30-Day MH Readmission,2,COVERAGE CATEGORY,HIV SNP,Adult-Art28 and 31,2017,Q2,32,134,0.23880597,57,275,0.207272727
4,30-Day MH Readmission,4,COVERAGE CATEGORY BY PROVIDER REGION,HIV SNP-NEW YORK CITY,Adult-Art28 and 31,2017,Q2,32,134,0.23880597,57,275,0.207272727
4,30-Day MH Readmission,2,COVERAGE CATEGORY,MAINSTREAM,Adult-Art28 and 31,2017,Q2,920,5752,0.159944367,1762,11303,0.155887817
4,30-Day MH Readmission,2,COVERAGE CATEGORY,MAINSTREAM,Youth-Art28 and 31,2017,Q2,203,2481,0.081821846,447,4906,0.091112923
4,30-Day MH Readmission,4,COVERAGE CATEGORY BY PROVIDER REGION,MAINSTREAM-NEW YORK CITY,Adult-Art28 and 31,2017,Q2,545,2856,0.190826331,1001,5592,0.179005722
4,30-Day MH Readmission,4,COVERAGE CATEGORY BY PROVIDER REGION,MAINSTREAM-NEW YORK CITY,Youth-Art28 and 31,2017,Q2,116,1172,0.098976109,243,2354,0.103228547
4,30-Day MH Readmission,4,COVERAGE CATEGORY BY PROVIDER REGION,MAINSTREAM-REST OF STATE,Adult-Art28 and 31,2017,Q2,375,2896,0.12948895,761,5711,0.13325162
4,30-Day MH Readmission,4,COVERAGE CATEGORY BY PROVIDER REGION,MAINSTREAM-REST OF STATE,Youth-Art28 and 31,2017,Q2,87,1309,0.066462949,204,2552,0.079937304
4,30-Day MH Readmission,3,PROVIDER REGION,NEW YORK CITY,Adult-Art28 and 31,2017,Q2,1428,7124,0.200449186,2653,13716,0.193423739
4,30-Day MH Readmission,3,PROVIDER REGION,NEW YORK CITY,Youth-Art28 and 31,2017,Q2,157,1527,0.102815979,320,3030,0.105610561
4,30-Day MH Readmission,3,PROVIDER REGION,REST OF STATE,Adult-Art28 and 31,2017,Q2,750,5398,0.138940348,1526,10634,0.143501975
4,30-Day MH Readmission,3,PROVIDER REGION,REST OF STATE,Youth-Art28 and 31,2017,Q2,122,1640,0.074390244,277,3233,0.085678936
4,30-Day MH Readmission,1,STATEWIDE,STATEWIDE,Adult-Art28 and 31,2017,Q2,2178,12522,0.173933876,4179,24350,0.171622177
4,30-Day MH Readmission,1,STATEWIDE,STATEWIDE,Youth-Art28 and 31,2017,Q2,279,3167,0.08809599,597,6263,0.095321731
5,90-Day MH Readmission,2,COVERAGE CATEGORY,FFS,Adult-Art28 and 31,2017,Q2,920,3568,0.257847534,1719,6894,0.249347258
5,90-Day MH Readmission,2,COVERAGE CATEGORY,FFS,Youth-Art28 and 31,2017,Q2,124,663,0.187028658,244,1307,0.18668707
5,90-Day MH Readmission,4,COVERAGE CATEGORY BY PROVIDER REGION,FFS-NEW YORK CITY,Adult-Art28 and 31,2017,Q2,573,2159,0.265400648,1077,4086,0.263582966
5,90-Day MH Readmission,4,COVERAGE CATEGORY BY PROVIDER REGION,FFS-NEW YORK CITY,Youth-Art28 and 31,2017,Q2,74,341,0.217008798,140,650,0.215384615
5,90-Day MH Readmission,4,COVERAGE CATEGORY BY PROVIDER REGION,FFS-REST OF STATE,Adult-Art28 and 31,2017,Q2,347,1409,0.246273953,642,2808,0.228632479
5,90-Day MH Readmission,4,COVERAGE CATEGORY BY PROVIDER REGION,FFS-REST OF STATE,Youth-Art28 and 31,2017,Q2,50,322,0.155279503,104,657,0.158295282
5,90-Day MH Readmission,2,COVERAGE CATEGORY,HARP,Adult-Art28 and 31,2017,Q2,1166,2993,0.389575677,2253,5730,0.393193717
5,90-Day MH Readmission,4,COVERAGE CATEGORY BY PROVIDER REGION,HARP-NEW YORK CITY,Adult-Art28 and 31,2017,Q2,838,1939,0.432181537,1589,3692,0.430390033
5,90-Day MH Readmission,4,COVERAGE CATEGORY BY PROVIDER REGION,HARP-REST OF STATE,Adult-Art28 and 31,2017,Q2,328,1054,0.311195446,664,2038,0.325809617
5,90-Day MH Readmission,2,COVERAGE CATEGORY,HIV SNP,Adult-Art28 and 31,2017,Q2,54,134,0.402985075,104,275,0.378181818
5,90-Day MH Readmission,4,COVERAGE CATEGORY BY PROVIDER REGION,HIV SNP-NEW YORK CITY,Adult-Art28 and 31,2017,Q2,54,134,0.402985075,104,275,0.378181818
5,90-Day MH Readmission,2,COVERAGE CATEGORY,MAINSTREAM,Adult-Art28 and 31,2017,Q2,1514,5690,0.266080844,2940,11178,0.26301664
5,90-Day MH Readmission,2,COVERAGE CATEGORY,MAINSTREAM,Youth-Art28 and 31,2017,Q2,359,2432,0.147615132,779,4782,0.162902551
5,90-Day MH Readmission,4,COVERAGE CATEGORY BY PROVIDER REGION,MAINSTREAM-NEW YORK CITY,Adult-Art28 and 31,2017,Q2,862,2827,0.304916873,1647,5542,0.297185132
5,90-Day MH Readmission,4,COVERAGE CATEGORY BY PROVIDER REGION,MAINSTREAM-NEW YORK CITY,Youth-Art28 and 31,2017,Q2,189,1144,0.16520979,402,2286,0.175853018
5,90-Day MH Readmission,4,COVERAGE CATEGORY BY PROVIDER REGION,MAINSTREAM-REST OF STATE,Adult-Art28 and 31,2017,Q2,652,2863,0.227733147,1293,5636,0.229418027
5,90-Day MH Readmission,4,COVERAGE CATEGORY BY PROVIDER REGION,MAINSTREAM-REST OF STATE,Youth-Art28 and 31,2017,Q2,170,1288,0.131987578,377,2496,0.151041667
5,90-Day MH Readmission,3,PROVIDER REGION,NEW YORK CITY,Adult-Art28 and 31,2017,Q2,2327,7059,0.329650092,4417,13595,0.32489886
5,90-Day MH Readmission,3,PROVIDER REGION,NEW YORK CITY,Youth-Art28 and 31,2017,Q2,263,1485,0.177104377,542,2936,0.184604905
5,90-Day MH Readmission,3,PROVIDER REGION,REST OF STATE,Adult-Art28 and 31,2017,Q2,1327,5326,0.249155088,2599,10482,0.247948865
5,90-Day MH Readmission,3,PROVIDER REGION,REST OF STATE,Youth-Art28 and 31,2017,Q2,220,1610,0.136645963,481,3153,0.152553124
5,90-Day MH Readmission,1,STATEWIDE,STATEWIDE,Adult-Art28 and 31,2017,Q2,3654,12385,0.295034316,7016,24077,0.29139843
5,90-Day MH Readmission,1,STATEWIDE,STATEWIDE,Youth-Art28 and 31,2017,Q2,483,3095,0.156058158,1023,6089,0.168007883
4,30-Day MH Readmission,2,COVERAGE CATEGORY,FFS,Adult-Art28 and 31,2017,Q3,575,3438,0.1672484,1648,10403,0.158415842
4,30-Day MH Readmission,2,COVERAGE CATEGORY,FFS,Youth-Art28 and 31,2017,Q3,69,573,0.120418848,219,1930,0.113471503
4,30-Day MH Readmission,4,COVERAGE CATEGORY BY PROVIDER REGION,FFS-NEW YORK CITY,Adult-Art28 and 31,2017,Q3,360,2061,0.174672489,1043,6185,0.168633791
4,30-Day MH Readmission,4,COVERAGE CATEGORY BY PROVIDER REGION,FFS-NEW YORK CITY,Youth-Art28 and 31,2017,Q3,38,288,0.131944444,115,964,0.119294606
4,30-Day MH Readmission,4,COVERAGE CATEGORY BY PROVIDER REGION,FFS-REST OF STATE,Adult-Art28 and 31,2017,Q3,215,1377,0.156136529,605,4218,0.143432907
4,30-Day MH Readmission,4,COVERAGE CATEGORY BY PROVIDER REGION,FFS-REST OF STATE,Youth-Art28 and 31,2017,Q3,31,285,0.10877193,104,966,0.107660455
4,30-Day MH Readmission,2,COVERAGE CATEGORY,HARP,Adult-Art28 and 31,2017,Q3,671,3110,0.215755627,1958,8917,0.219580576
4,30-Day MH Readmission,4,COVERAGE CATEGORY BY PROVIDER REGION,HARP-NEW YORK CITY,Adult-Art28 and 31,2017,Q3,448,1939,0.231046931,1360,5664,0.240112994
4,30-Day MH Readmission,4,COVERAGE CATEGORY BY PROVIDER REGION,HARP-REST OF STATE,Adult-Art28 and 31,2017,Q3,223,1171,0.190435525,598,3253,0.18383031
4,30-Day MH Readmission,2,COVERAGE CATEGORY,HIV SNP,Adult-Art28 and 31,2017,Q3,38,144,0.263888889,95,419,0.22673031
4,30-Day MH Readmission,4,COVERAGE CATEGORY BY PROVIDER REGION,HIV SNP-NEW YORK CITY,Adult-Art28 and 31,2017,Q3,38,144,0.263888889,95,419,0.22673031
4,30-Day MH Readmission,2,COVERAGE CATEGORY,MAINSTREAM,Adult-Art28 and 31,2017,Q3,838,5662,0.148004239,2600,16965,0.153256705
4,30-Day MH Readmission,2,COVERAGE CATEGORY,MAINSTREAM,Youth-Art28 and 31,2017,Q3,199,1846,0.10780065,646,6752,0.095675355
4,30-Day MH Readmission,4,COVERAGE CATEGORY BY PROVIDER REGION,MAINSTREAM-NEW YORK CITY,Adult-Art28 and 31,2017,Q3,473,2711,0.174474364,1474,8303,0.177526195
4,30-Day MH Readmission,4,COVERAGE CATEGORY BY PROVIDER REGION,MAINSTREAM-NEW YORK CITY,Youth-Art28 and 31,2017,Q3,104,899,0.115684093,347,3253,0.106670765
4,30-Day MH Readmission,4,COVERAGE CATEGORY BY PROVIDER REGION,MAINSTREAM-REST OF STATE,Adult-Art28 and 31,2017,Q3,365,2951,0.123686886,1126,8662,0.129993073
4,30-Day MH Readmission,4,COVERAGE CATEGORY BY PROVIDER REGION,MAINSTREAM-REST OF STATE,Youth-Art28 and 31,2017,Q3,95,947,0.10031679,299,3499,0.085452987
4,30-Day MH Readmission,3,PROVIDER REGION,NEW YORK CITY,Adult-Art28 and 31,2017,Q3,1319,6855,0.192414296,3972,20571,0.193087356
4,30-Day MH Readmission,3,PROVIDER REGION,NEW YORK CITY,Youth-Art28 and 31,2017,Q3,142,1187,0.119629318,462,4217,0.109556557
4,30-Day MH Readmission,3,PROVIDER REGION,REST OF STATE,Adult-Art28 and 31,2017,Q3,803,5499,0.14602655,2329,16133,0.144362487
4,30-Day MH Readmission,3,PROVIDER REGION,REST OF STATE,Youth-Art28 and 31,2017,Q3,126,1232,0.102272727,403,4465,0.090257559
4,30-Day MH Readmission,1,STATEWIDE,STATEWIDE,Adult-Art28 and 31,2017,Q3,2122,12354,0.17176623,6301,36704,0.171670663
4,30-Day MH Readmission,1,STATEWIDE,STATEWIDE,Youth-Art28 and 31,2017,Q3,268,2419,0.110789582,865,8682,0.099631421
5,90-Day MH Readmission,2,COVERAGE CATEGORY,FFS,Adult-Art28 and 31,2017,Q3,882,3405,0.259030837,2601,10299,0.252548791
5,90-Day MH Readmission,2,COVERAGE CATEGORY,FFS,Youth-Art28 and 31,2017,Q3,104,550,0.189090909,348,1857,0.187399031
5,90-Day MH Readmission,4,COVERAGE CATEGORY BY PROVIDER REGION,FFS-NEW YORK CITY,Adult-Art28 and 31,2017,Q3,551,2043,0.269701419,1628,6129,0.265622451
5,90-Day MH Readmission,4,COVERAGE CATEGORY BY PROVIDER REGION,FFS-NEW YORK CITY,Youth-Art28 and 31,2017,Q3,49,275,0.178181818,189,925,0.204324324
5,90-Day MH Readmission,4,COVERAGE CATEGORY BY PROVIDER REGION,FFS-REST OF STATE,Adult-Art28 and 31,2017,Q3,331,1362,0.243024963,973,4170,0.233333333
5,90-Day MH Readmission,4,COVERAGE CATEGORY BY PROVIDER REGION,FFS-REST OF STATE,Youth-Art28 and 31,2017,Q3,55,275,0.2,159,932,0.170600858
5,90-Day MH Readmission,2,COVERAGE CATEGORY,HARP,Adult-Art28 and 31,2017,Q3,1179,3083,0.382419721,3432,8813,0.389424713
5,90-Day MH Readmission,4,COVERAGE CATEGORY BY PROVIDER REGION,HARP-NEW YORK CITY,Adult-Art28 and 31,2017,Q3,803,1928,0.416493776,2392,5620,0.425622776
5,90-Day MH Readmission,4,COVERAGE CATEGORY BY PROVIDER REGION,HARP-REST OF STATE,Adult-Art28 and 31,2017,Q3,376,1155,0.325541126,1040,3193,0.325712496
5,90-Day MH Readmission,2,COVERAGE CATEGORY,HIV SNP,Adult-Art28 and 31,2017,Q3,57,144,0.395833333,161,419,0.38424821
5,90-Day MH Readmission,4,COVERAGE CATEGORY BY PROVIDER REGION,HIV SNP-NEW YORK CITY,Adult-Art28 and 31,2017,Q3,57,144,0.395833333,161,419,0.38424821
5,90-Day MH Readmission,2,COVERAGE CATEGORY,MAINSTREAM,Adult-Art28 and 31,2017,Q3,1374,5620,0.244483986,4314,16798,0.256816288
5,90-Day MH Readmission,2,COVERAGE CATEGORY,MAINSTREAM,Youth-Art28 and 31,2017,Q3,355,1800,0.197222222,1134,6582,0.172288058
5,90-Day MH Readmission,4,COVERAGE CATEGORY BY PROVIDER REGION,MAINSTREAM-NEW YORK CITY,Adult-Art28 and 31,2017,Q3,768,2697,0.284760845,2415,8239,0.293118097
5,90-Day MH Readmission,4,COVERAGE CATEGORY BY PROVIDER REGION,MAINSTREAM-NEW YORK CITY,Youth-Art28 and 31,2017,Q3,191,878,0.217539863,593,3164,0.187420986
5,90-Day MH Readmission,4,COVERAGE CATEGORY BY PROVIDER REGION,MAINSTREAM-REST OF STATE,Adult-Art28 and 31,2017,Q3,606,2923,0.207321245,1899,8559,0.221871714
5,90-Day MH Readmission,4,COVERAGE CATEGORY BY PROVIDER REGION,MAINSTREAM-REST OF STATE,Youth-Art28 and 31,2017,Q3,164,922,0.177874187,541,3418,0.158279696
5,90-Day MH Readmission,3,PROVIDER REGION,NEW YORK CITY,Adult-Art28 and 31,2017,Q3,2179,6812,0.319876688,6596,20407,0.323222424
5,90-Day MH Readmission,3,PROVIDER REGION,NEW YORK CITY,Youth-Art28 and 31,2017,Q3,240,1153,0.208152645,782,4089,0.191244803
5,90-Day MH Readmission,3,PROVIDER REGION,REST OF STATE,Adult-Art28 and 31,2017,Q3,1313,5440,0.241360294,3912,15922,0.245697777
5,90-Day MH Readmission,3,PROVIDER REGION,REST OF STATE,Youth-Art28 and 31,2017,Q3,219,1197,0.182957393,700,4350,0.16091954
5,90-Day MH Readmission,1,STATEWIDE,STATEWIDE,Adult-Art28 and 31,2017,Q3,3492,12252,0.285014691,10508,36329,0.289245506
5,90-Day MH Readmission,1,STATEWIDE,STATEWIDE,Youth-Art28 and 31,2017,Q3,459,2350,0.195319149,1482,8439,0.175613224
4,30-Day MH Readmission,2,COVERAGE CATEGORY,FFS,Adult-Art28 and 31,2017,Q4,547,3297,0.165908402,2195,13700,0.160218978
4,30-Day MH Readmission,2,COVERAGE CATEGORY,FFS,Youth-Art28 and 31,2017,Q4,72,652,0.110429448,291,2582,0.112703331
4,30-Day MH Readmission,4,COVERAGE CATEGORY BY PROVIDER REGION,FFS-NEW YORK CITY,Adult-Art28 and 31,2017,Q4,361,2038,0.177134446,1404,8223,0.170740606
4,30-Day MH Readmission,4,COVERAGE CATEGORY BY PROVIDER REGION,FFS-NEW YORK CITY,Youth-Art28 and 31,2017,Q4,40,320,0.125,155,1284,0.120716511
4,30-Day MH Readmission,4,COVERAGE CATEGORY BY PROVIDER REGION,FFS-REST OF STATE,Adult-Art28 and 31,2017,Q4,186,1259,0.147736299,791,5477,0.144422129
4,30-Day MH Readmission,4,COVERAGE CATEGORY BY PROVIDER REGION,FFS-REST OF STATE,Youth-Art28 and 31,2017,Q4,32,332,0.096385542,136,1298,0.104776579
4,30-Day MH Readmission,2,COVERAGE CATEGORY,HARP,Adult-Art28 and 31,2017,Q4,678,3044,0.222733246,2636,11961,0.220382911
4,30-Day MH Readmission,4,COVERAGE CATEGORY BY PROVIDER REGION,HARP-NEW YORK CITY,Adult-Art28 and 31,2017,Q4,472,1910,0.247120419,1832,7574,0.241880116
4,30-Day MH Readmission,4,COVERAGE CATEGORY BY PROVIDER REGION,HARP-REST OF STATE,Adult-Art28 and 31,2017,Q4,206,1134,0.181657848,804,4387,0.183268749
4,30-Day MH Readmission,2,COVERAGE CATEGORY,HIV SNP,Adult-Art28 and 31,2017,Q4,28,135,0.207407407,123,554,0.222021661
4,30-Day MH Readmission,4,COVERAGE CATEGORY BY PROVIDER REGION,HIV SNP-NEW YORK CITY,Adult-Art28 and 31,2017,Q4,28,135,0.207407407,123,554,0.222021661
4,30-Day MH Readmission,2,COVERAGE CATEGORY,MAINSTREAM,Adult-Art28 and 31,2017,Q4,756,5141,0.147053103,3356,22106,0.151813987
4,30-Day MH Readmission,2,COVERAGE CATEGORY,MAINSTREAM,Youth-Art28 and 31,2017,Q4,254,2498,0.101681345,900,9250,0.097297297
4,30-Day MH Readmission,4,COVERAGE CATEGORY BY PROVIDER REGION,MAINSTREAM-NEW YORK CITY,Adult-Art28 and 31,2017,Q4,466,2660,0.17518797,1940,10963,0.176958862
4,30-Day MH Readmission,4,COVERAGE CATEGORY BY PROVIDER REGION,MAINSTREAM-NEW YORK CITY,Youth-Art28 and 31,2017,Q4,113,1144,0.098776224,460,4397,0.104616784
4,30-Day MH Readmission,4,COVERAGE CATEGORY BY PROVIDER REGION,MAINSTREAM-REST OF STATE,Adult-Art28 and 31,2017,Q4,290,2481,0.116888351,1416,11143,0.127075294
4,30-Day MH Readmission,4,COVERAGE CATEGORY BY PROVIDER REGION,MAINSTREAM-REST OF STATE,Youth-Art28 and 31,2017,Q4,141,1354,0.104135894,440,4853,0.090665568
4,30-Day MH Readmission,3,PROVIDER REGION,NEW YORK CITY,Adult-Art28 and 31,2017,Q4,1327,6743,0.196796678,5299,27314,0.194003075
4,30-Day MH Readmission,3,PROVIDER REGION,NEW YORK CITY,Youth-Art28 and 31,2017,Q4,153,1464,0.104508197,615,5681,0.108255589
4,30-Day MH Readmission,3,PROVIDER REGION,REST OF STATE,Adult-Art28 and 31,2017,Q4,682,4874,0.139926139,3011,21007,0.143333175
4,30-Day MH Readmission,3,PROVIDER REGION,REST OF STATE,Youth-Art28 and 31,2017,Q4,173,1686,0.102609727,576,6151,0.09364331
4,30-Day MH Readmission,1,STATEWIDE,STATEWIDE,Adult-Art28 and 31,2017,Q4,2009,11617,0.172936214,8310,48321,0.171974918
4,30-Day MH Readmission,1,STATEWIDE,STATEWIDE,Youth-Art28 and 31,2017,Q4,326,3150,0.103492063,1191,11832,0.100659229
5,90-Day MH Readmission,2,COVERAGE CATEGORY,FFS,Adult-Art28 and 31,2017,Q4,840,3259,0.257747775,3441,13558,0.253798495
5,90-Day MH Readmission,2,COVERAGE CATEGORY,FFS,Youth-Art28 and 31,2017,Q4,129,624,0.206730769,477,2481,0.192261185
5,90-Day MH Readmission,4,COVERAGE CATEGORY BY PROVIDER REGION,FFS-NEW YORK CITY,Adult-Art28 and 31,2017,Q4,552,2022,0.272997033,2180,8151,0.267451846
5,90-Day MH Readmission,4,COVERAGE CATEGORY BY PROVIDER REGION,FFS-NEW YORK CITY,Youth-Art28 and 31,2017,Q4,70,309,0.226537217,259,1234,0.209886548
5,90-Day MH Readmission,4,COVERAGE CATEGORY BY PROVIDER REGION,FFS-REST OF STATE,Adult-Art28 and 31,2017,Q4,288,1237,0.232821342,1261,5407,0.233216201
5,90-Day MH Readmission,4,COVERAGE CATEGORY BY PROVIDER REGION,FFS-REST OF STATE,Youth-Art28 and 31,2017,Q4,59,315,0.187301587,218,1247,0.174819567
5,90-Day MH Readmission,2,COVERAGE CATEGORY,HARP,Adult-Art28 and 31,2017,Q4,1164,3006,0.387225549,4596,11819,0.388865386
5,90-Day MH Readmission,4,COVERAGE CATEGORY BY PROVIDER REGION,HARP-NEW YORK CITY,Adult-Art28 and 31,2017,Q4,790,1891,0.417768377,3182,7511,0.42364532
5,90-Day MH Readmission,4,COVERAGE CATEGORY BY PROVIDER REGION,HARP-REST OF STATE,Adult-Art28 and 31,2017,Q4,374,1115,0.335426009,1414,4308,0.328226555
5,90-Day MH Readmission,2,COVERAGE CATEGORY,HIV SNP,Adult-Art28 and 31,2017,Q4,51,135,0.377777778,212,554,0.38267148
5,90-Day MH Readmission,4,COVERAGE CATEGORY BY PROVIDER REGION,HIV SNP-NEW YORK CITY,Adult-Art28 and 31,2017,Q4,51,135,0.377777778,212,554,0.38267148
5,90-Day MH Readmission,2,COVERAGE CATEGORY,MAINSTREAM,Adult-Art28 and 31,2017,Q4,1187,5092,0.233110762,5501,21890,0.251301964
5,90-Day MH Readmission,2,COVERAGE CATEGORY,MAINSTREAM,Youth-Art28 and 31,2017,Q4,458,2445,0.187321063,1592,9027,0.176359809
5,90-Day MH Readmission,4,COVERAGE CATEGORY BY PROVIDER REGION,MAINSTREAM-NEW YORK CITY,Adult-Art28 and 31,2017,Q4,732,2640,0.277272727,3147,10879,0.289272911
5,90-Day MH Readmission,4,COVERAGE CATEGORY BY PROVIDER REGION,MAINSTREAM-NEW YORK CITY,Youth-Art28 and 31,2017,Q4,198,1115,0.177578475,791,4279,0.184856275
5,90-Day MH Readmission,4,COVERAGE CATEGORY BY PROVIDER REGION,MAINSTREAM-REST OF STATE,Adult-Art28 and 31,2017,Q4,455,2452,0.185562806,2354,11011,0.213786214
5,90-Day MH Readmission,4,COVERAGE CATEGORY BY PROVIDER REGION,MAINSTREAM-REST OF STATE,Youth-Art28 and 31,2017,Q4,260,1330,0.195488722,801,4748,0.168702612
5,90-Day MH Readmission,3,PROVIDER REGION,NEW YORK CITY,Adult-Art28 and 31,2017,Q4,2125,6688,0.317733254,8721,27095,0.321867503
5,90-Day MH Readmission,3,PROVIDER REGION,NEW YORK CITY,Youth-Art28 and 31,2017,Q4,268,1424,0.188202247,1050,5513,0.190458915
5,90-Day MH Readmission,3,PROVIDER REGION,REST OF STATE,Adult-Art28 and 31,2017,Q4,1117,4804,0.232514571,5029,20726,0.242642092
5,90-Day MH Readmission,3,PROVIDER REGION,REST OF STATE,Youth-Art28 and 31,2017,Q4,319,1645,0.193920973,1019,5995,0.169974979
5,90-Day MH Readmission,1,STATEWIDE,STATEWIDE,Adult-Art28 and 31,2017,Q4,3242,11492,0.282109293,13750,47821,0.287530583
5,90-Day MH Readmission,1,STATEWIDE,STATEWIDE,Youth-Art28 and 31,2017,Q4,587,3069,0.191267514,2069,11508,0.179787974
4,30-Day MH Readmission,2,COVERAGE CATEGORY,FFS,Adult-Art28 and 31,2016,Q1,622,3996,0.155655656,622,3996,0.155655656
4,30-Day MH Readmission,2,COVERAGE CATEGORY,FFS,Youth-Art28 and 31,2016,Q1,112,759,0.147562582,112,759,0.147562582
4,30-Day MH Readmission,4,COVERAGE CATEGORY BY PROVIDER REGION,FFS-NEW YORK CITY,Adult-Art28 and 31,2016,Q1,398,2271,0.175253192,398,2271,0.175253192
4,30-Day MH Readmission,4,COVERAGE CATEGORY BY PROVIDER REGION,FFS-NEW YORK CITY,Youth-Art28 and 31,2016,Q1,67,381,0.175853018,67,381,0.175853018
4,30-Day MH Readmission,4,COVERAGE CATEGORY BY PROVIDER REGION,FFS-REST OF STATE,Adult-Art28 and 31,2016,Q1,224,1725,0.129855072,224,1725,0.129855072
4,30-Day MH Readmission,4,COVERAGE CATEGORY BY PROVIDER REGION,FFS-REST OF STATE,Youth-Art28 and 31,2016,Q1,45,378,0.119047619,45,378,0.119047619
4,30-Day MH Readmission,2,COVERAGE CATEGORY,HARP,Adult-Art28 and 31,2016,Q1,429,1510,0.28410596,429,1510,0.28410596
4,30-Day MH Readmission,4,COVERAGE CATEGORY BY PROVIDER REGION,HARP-NEW YORK CITY,Adult-Art28 and 31,2016,Q1,429,1510,0.28410596,429,1510,0.28410596
4,30-Day MH Readmission,2,COVERAGE CATEGORY,HIV SNP,Adult-Art28 and 31,2016,Q1,30,121,0.247933884,30,121,0.247933884
4,30-Day MH Readmission,4,COVERAGE CATEGORY BY PROVIDER REGION,HIV SNP-NEW YORK CITY,Adult-Art28 and 31,2016,Q1,30,121,0.247933884,30,121,0.247933884
4,30-Day MH Readmission,2,COVERAGE CATEGORY,MAINSTREAM,Adult-Art28 and 31,2016,Q1,1003,6221,0.161228098,1003,6221,0.161228098
4,30-Day MH Readmission,2,COVERAGE CATEGORY,MAINSTREAM,Youth-Art28 and 31,2016,Q1,247,2095,0.117899761,247,2095,0.117899761
4,30-Day MH Readmission,4,COVERAGE CATEGORY BY PROVIDER REGION,MAINSTREAM-NEW YORK CITY,Adult-Art28 and 31,2016,Q1,492,2706,0.181818182,492,2706,0.181818182
4,30-Day MH Readmission,4,COVERAGE CATEGORY BY PROVIDER REGION,MAINSTREAM-NEW YORK CITY,Youth-Art28 and 31,2016,Q1,148,1009,0.146679881,148,1009,0.146679881
4,30-Day MH Readmission,4,COVERAGE CATEGORY BY PROVIDER REGION,MAINSTREAM-REST OF STATE,Adult-Art28 and 31,2016,Q1,511,3515,0.145376956,511,3515,0.145376956
4,30-Day MH Readmission,4,COVERAGE CATEGORY BY PROVIDER REGION,MAINSTREAM-REST OF STATE,Youth-Art28 and 31,2016,Q1,99,1086,0.091160221,99,1086,0.091160221
4,30-Day MH Readmission,3,PROVIDER REGION,NEW YORK CITY,Adult-Art28 and 31,2016,Q1,1349,6608,0.204146489,1349,6608,0.204146489
4,30-Day MH Readmission,3,PROVIDER REGION,NEW YORK CITY,Youth-Art28 and 31,2016,Q1,215,1390,0.154676259,215,1390,0.154676259
4,30-Day MH Readmission,3,PROVIDER REGION,REST OF STATE,Adult-Art28 and 31,2016,Q1,735,5240,0.140267176,735,5240,0.140267176
4,30-Day MH Readmission,3,PROVIDER REGION,REST OF STATE,Youth-Art28 and 31,2016,Q1,144,1464,0.098360656,144,1464,0.098360656
4,30-Day MH Readmission,1,STATEWIDE,STATEWIDE,Adult-Art28 and 31,2016,Q1,2084,11848,0.175894666,2084,11848,0.175894666
4,30-Day MH Readmission,1,STATEWIDE,STATEWIDE,Youth-Art28 and 31,2016,Q1,359,2854,0.125788367,359,2854,0.125788367
5,90-Day MH Readmission,2,COVERAGE CATEGORY,FFS,Adult-Art28 and 31,2016,Q1,986,3946,0.249873289,986,3946,0.249873289
5,90-Day MH Readmission,2,COVERAGE CATEGORY,FFS,Youth-Art28 and 31,2016,Q1,180,728,0.247252747,180,728,0.247252747
5,90-Day MH Readmission,4,COVERAGE CATEGORY BY PROVIDER REGION,FFS-NEW YORK CITY,Adult-Art28 and 31,2016,Q1,629,2239,0.280928986,629,2239,0.280928986
5,90-Day MH Readmission,4,COVERAGE CATEGORY BY PROVIDER REGION,FFS-NEW YORK CITY,Youth-Art28 and 31,2016,Q1,100,364,0.274725275,100,364,0.274725275
5,90-Day MH Readmission,4,COVERAGE CATEGORY BY PROVIDER REGION,FFS-REST OF STATE,Adult-Art28 and 31,2016,Q1,357,1707,0.20913884,357,1707,0.20913884
5,90-Day MH Readmission,4,COVERAGE CATEGORY BY PROVIDER REGION,FFS-REST OF STATE,Youth-Art28 and 31,2016,Q1,80,364,0.21978022,80,364,0.21978022
5,90-Day MH Readmission,2,COVERAGE CATEGORY,HARP,Adult-Art28 and 31,2016,Q1,689,1495,0.460869565,689,1495,0.460869565
5,90-Day MH Readmission,4,COVERAGE CATEGORY BY PROVIDER REGION,HARP-NEW YORK CITY,Adult-Art28 and 31,2016,Q1,689,1495,0.460869565,689,1495,0.460869565
5,90-Day MH Readmission,2,COVERAGE CATEGORY,HIV SNP,Adult-Art28 and 31,2016,Q1,47,121,0.388429752,47,121,0.388429752
5,90-Day MH Readmission,4,COVERAGE CATEGORY BY PROVIDER REGION,HIV SNP-NEW YORK CITY,Adult-Art28 and 31,2016,Q1,47,121,0.388429752,47,121,0.388429752
5,90-Day MH Readmission,2,COVERAGE CATEGORY,MAINSTREAM,Adult-Art28 and 31,2016,Q1,1730,6154,0.281117972,1730,6154,0.281117972
5,90-Day MH Readmission,2,COVERAGE CATEGORY,MAINSTREAM,Youth-Art28 and 31,2016,Q1,409,2040,0.200490196,409,2040,0.200490196
5,90-Day MH Readmission,4,COVERAGE CATEGORY BY PROVIDER REGION,MAINSTREAM-NEW YORK CITY,Adult-Art28 and 31,2016,Q1,830,2683,0.309355199,830,2683,0.309355199
5,90-Day MH Readmission,4,COVERAGE CATEGORY BY PROVIDER REGION,MAINSTREAM-NEW YORK CITY,Youth-Art28 and 31,2016,Q1,228,987,0.23100304,228,987,0.23100304
5,90-Day MH Readmission,4,COVERAGE CATEGORY BY PROVIDER REGION,MAINSTREAM-REST OF STATE,Adult-Art28 and 31,2016,Q1,900,3471,0.259291271,900,3471,0.259291271
5,90-Day MH Readmission,4,COVERAGE CATEGORY BY PROVIDER REGION,MAINSTREAM-REST OF STATE,Youth-Art28 and 31,2016,Q1,181,1053,0.171889839,181,1053,0.171889839
5,90-Day MH Readmission,3,PROVIDER REGION,NEW YORK CITY,Adult-Art28 and 31,2016,Q1,2195,6538,0.335729581,2195,6538,0.335729581
5,90-Day MH Readmission,3,PROVIDER REGION,NEW YORK CITY,Youth-Art28 and 31,2016,Q1,328,1351,0.242783124,328,1351,0.242783124
5,90-Day MH Readmission,3,PROVIDER REGION,REST OF STATE,Adult-Art28 and 31,2016,Q1,1257,5178,0.242757822,1257,5178,0.242757822
5,90-Day MH Readmission,3,PROVIDER REGION,REST OF STATE,Youth-Art28 and 31,2016,Q1,261,1417,0.184191955,261,1417,0.184191955
5,90-Day MH Readmission,1,STATEWIDE,STATEWIDE,Adult-Art28 and 31,2016,Q1,3452,11716,0.294639809,3452,11716,0.294639809
5,90-Day MH Readmission,1,STATEWIDE,STATEWIDE,Youth-Art28 and 31,2016,Q1,589,2768,0.212789017,589,2768,0.212789017
4,30-Day MH Readmission,2,COVERAGE CATEGORY,FFS,Adult-Art28 and 31,2016,Q2,617,3784,0.163054968,1239,7780,0.159254499
4,30-Day MH Readmission,2,COVERAGE CATEGORY,FFS,Youth-Art28 and 31,2016,Q2,82,698,0.11747851,194,1457,0.133150309
4,30-Day MH Readmission,4,COVERAGE CATEGORY BY PROVIDER REGION,FFS-NEW YORK CITY,Adult-Art28 and 31,2016,Q2,396,2202,0.179836512,794,4473,0.177509501
4,30-Day MH Readmission,4,COVERAGE CATEGORY BY PROVIDER REGION,FFS-NEW YORK CITY,Youth-Art28 and 31,2016,Q2,54,363,0.148760331,121,744,0.162634409
4,30-Day MH Readmission,4,COVERAGE CATEGORY BY PROVIDER REGION,FFS-REST OF STATE,Adult-Art28 and 31,2016,Q2,221,1582,0.139696587,445,3307,0.134563048
4,30-Day MH Readmission,4,COVERAGE CATEGORY BY PROVIDER REGION,FFS-REST OF STATE,Youth-Art28 and 31,2016,Q2,28,335,0.08358209,73,713,0.102384292
4,30-Day MH Readmission,2,COVERAGE CATEGORY,HARP,Adult-Art28 and 31,2016,Q2,416,1636,0.254278729,845,3146,0.268595041
4,30-Day MH Readmission,4,COVERAGE CATEGORY BY PROVIDER REGION,HARP-NEW YORK CITY,Adult-Art28 and 31,2016,Q2,416,1636,0.254278729,845,3146,0.268595041
4,30-Day MH Readmission,2,COVERAGE CATEGORY,HIV SNP,Adult-Art28 and 31,2016,Q2,20,124,0.161290323,50,245,0.204081633
4,30-Day MH Readmission,4,COVERAGE CATEGORY BY PROVIDER REGION,HIV SNP-NEW YORK CITY,Adult-Art28 and 31,2016,Q2,20,124,0.161290323,50,245,0.204081633
4,30-Day MH Readmission,2,COVERAGE CATEGORY,MAINSTREAM,Adult-Art28 and 31,2016,Q2,1102,6726,0.163841808,2105,12947,0.162585927
4,30-Day MH Readmission,2,COVERAGE CATEGORY,MAINSTREAM,Youth-Art28 and 31,2016,Q2,228,2381,0.095758085,475,4476,0.106121537
4,30-Day MH Readmission,4,COVERAGE CATEGORY BY PROVIDER REGION,MAINSTREAM-NEW YORK CITY,Adult-Art28 and 31,2016,Q2,526,2944,0.178668478,1018,5650,0.180176991
4,30-Day MH Readmission,4,COVERAGE CATEGORY BY PROVIDER REGION,MAINSTREAM-NEW YORK CITY,Youth-Art28 and 31,2016,Q2,146,1185,0.123206751,294,2194,0.134001823
4,30-Day MH Readmission,4,COVERAGE CATEGORY BY PROVIDER REGION,MAINSTREAM-REST OF STATE,Adult-Art28 and 31,2016,Q2,576,3782,0.15230037,1087,7297,0.148965328
4,30-Day MH Readmission,4,COVERAGE CATEGORY BY PROVIDER REGION,MAINSTREAM-REST OF STATE,Youth-Art28 and 31,2016,Q2,82,1196,0.068561873,181,2282,0.079316389
4,30-Day MH Readmission,3,PROVIDER REGION,NEW YORK CITY,Adult-Art28 and 31,2016,Q2,1358,6906,0.196640602,2707,13514,0.200310789
4,30-Day MH Readmission,3,PROVIDER REGION,NEW YORK CITY,Youth-Art28 and 31,2016,Q2,200,1548,0.129198966,415,2938,0.141252553
4,30-Day MH Readmission,3,PROVIDER REGION,REST OF STATE,Adult-Art28 and 31,2016,Q2,797,5364,0.148583147,1532,10604,0.144473783
4,30-Day MH Readmission,3,PROVIDER REGION,REST OF STATE,Youth-Art28 and 31,2016,Q2,110,1531,0.071848465,254,2995,0.084808013
4,30-Day MH Readmission,1,STATEWIDE,STATEWIDE,Adult-Art28 and 31,2016,Q2,2155,12270,0.175631622,4239,24118,0.175760843
4,30-Day MH Readmission,1,STATEWIDE,STATEWIDE,Youth-Art28 and 31,2016,Q2,310,3079,0.10068204,669,5933,0.112759144
5,90-Day MH Readmission,2,COVERAGE CATEGORY,FFS,Adult-Art28 and 31,2016,Q2,968,3754,0.257858284,1954,7700,0.253766234
5,90-Day MH Readmission,2,COVERAGE CATEGORY,FFS,Youth-Art28 and 31,2016,Q2,134,666,0.201201201,314,1394,0.225251076
5,90-Day MH Readmission,4,COVERAGE CATEGORY BY PROVIDER REGION,FFS-NEW YORK CITY,Adult-Art28 and 31,2016,Q2,641,2188,0.292961609,1270,4427,0.286875988
5,90-Day MH Readmission,4,COVERAGE CATEGORY BY PROVIDER REGION,FFS-NEW YORK CITY,Youth-Art28 and 31,2016,Q2,82,346,0.23699422,182,710,0.256338028
5,90-Day MH Readmission,4,COVERAGE CATEGORY BY PROVIDER REGION,FFS-REST OF STATE,Adult-Art28 and 31,2016,Q2,327,1566,0.208812261,684,3273,0.208982585
5,90-Day MH Readmission,4,COVERAGE CATEGORY BY PROVIDER REGION,FFS-REST OF STATE,Youth-Art28 and 31,2016,Q2,52,320,0.1625,132,684,0.192982456
5,90-Day MH Readmission,2,COVERAGE CATEGORY,HARP,Adult-Art28 and 31,2016,Q2,715,1625,0.44,1404,3120,0.45
5,90-Day MH Readmission,4,COVERAGE CATEGORY BY PROVIDER REGION,HARP-NEW YORK CITY,Adult-Art28 and 31,2016,Q2,715,1625,0.44,1404,3120,0.45
5,90-Day MH Readmission,2,COVERAGE CATEGORY,HIV SNP,Adult-Art28 and 31,2016,Q2,39,124,0.314516129,86,245,0.351020408
5,90-Day MH Readmission,4,COVERAGE CATEGORY BY PROVIDER REGION,HIV SNP-NEW YORK CITY,Adult-Art28 and 31,2016,Q2,39,124,0.314516129,86,245,0.351020408
5,90-Day MH Readmission,2,COVERAGE CATEGORY,MAINSTREAM,Adult-Art28 and 31,2016,Q2,1924,6651,0.289279808,3654,12805,0.285357282
5,90-Day MH Readmission,2,COVERAGE CATEGORY,MAINSTREAM,Youth-Art28 and 31,2016,Q2,428,2330,0.183690987,837,4370,0.191533181
5,90-Day MH Readmission,4,COVERAGE CATEGORY BY PROVIDER REGION,MAINSTREAM-NEW YORK CITY,Adult-Art28 and 31,2016,Q2,918,2912,0.315247253,1748,5595,0.312421805
5,90-Day MH Readmission,4,COVERAGE CATEGORY BY PROVIDER REGION,MAINSTREAM-NEW YORK CITY,Youth-Art28 and 31,2016,Q2,255,1158,0.220207254,483,2145,0.225174825
5,90-Day MH Readmission,4,COVERAGE CATEGORY BY PROVIDER REGION,MAINSTREAM-REST OF STATE,Adult-Art28 and 31,2016,Q2,1006,3739,0.269055897,1906,7210,0.264355062
5,90-Day MH Readmission,4,COVERAGE CATEGORY BY PROVIDER REGION,MAINSTREAM-REST OF STATE,Youth-Art28 and 31,2016,Q2,173,1172,0.147610922,354,2225,0.159101124
5,90-Day MH Readmission,3,PROVIDER REGION,NEW YORK CITY,Adult-Art28 and 31,2016,Q2,2313,6849,0.337713535,4508,13387,0.336744603
5,90-Day MH Readmission,3,PROVIDER REGION,NEW YORK CITY,Youth-Art28 and 31,2016,Q2,337,1504,0.224069149,665,2855,0.232924694
5,90-Day MH Readmission,3,PROVIDER REGION,REST OF STATE,Adult-Art28 and 31,2016,Q2,1333,5305,0.251272385,2590,10483,0.247066679
5,90-Day MH Readmission,3,PROVIDER REGION,REST OF STATE,Youth-Art28 and 31,2016,Q2,225,1492,0.15080429,486,2909,0.167067721
5,90-Day MH Readmission,1,STATEWIDE,STATEWIDE,Adult-Art28 and 31,2016,Q2,3646,12154,0.299983545,7098,23870,0.297360704
5,90-Day MH Readmission,1,STATEWIDE,STATEWIDE,Youth-Art28 and 31,2016,Q2,562,2996,0.187583445,1151,5764,0.199687717
4,30-Day MH Readmission,2,COVERAGE CATEGORY,FFS,Adult-Art28 and 31,2016,Q3,598,3701,0.161577952,1837,11481,0.160003484
4,30-Day MH Readmission,2,COVERAGE CATEGORY,FFS,Youth-Art28 and 31,2016,Q3,82,679,0.120765832,276,2136,0.129213483
4,30-Day MH Readmission,4,COVERAGE CATEGORY BY PROVIDER REGION,FFS-NEW YORK CITY,Adult-Art28 and 31,2016,Q3,388,2126,0.182502352,1182,6599,0.179118048
4,30-Day MH Readmission,4,COVERAGE CATEGORY BY PROVIDER REGION,FFS-NEW YORK CITY,Youth-Art28 and 31,2016,Q3,44,334,0.131736527,165,1078,0.153061224
4,30-Day MH Readmission,4,COVERAGE CATEGORY BY PROVIDER REGION,FFS-REST OF STATE,Adult-Art28 and 31,2016,Q3,210,1575,0.133333333,655,4882,0.134166325
4,30-Day MH Readmission,4,COVERAGE CATEGORY BY PROVIDER REGION,FFS-REST OF STATE,Youth-Art28 and 31,2016,Q3,38,345,0.110144928,111,1058,0.104914934
4,30-Day MH Readmission,2,COVERAGE CATEGORY,HARP,Adult-Art28 and 31,2016,Q3,631,2430,0.259670782,1476,5576,0.264705882
4,30-Day MH Readmission,4,COVERAGE CATEGORY BY PROVIDER REGION,HARP-NEW YORK CITY,Adult-Art28 and 31,2016,Q3,471,1686,0.279359431,1316,4832,0.272350993
4,30-Day MH Readmission,4,COVERAGE CATEGORY BY PROVIDER REGION,HARP-REST OF STATE,Adult-Art28 and 31,2016,Q3,160,744,0.215053763,160,744,0.215053763
4,30-Day MH Readmission,2,COVERAGE CATEGORY,HIV SNP,Adult-Art28 and 31,2016,Q3,19,129,0.147286822,69,374,0.184491979
4,30-Day MH Readmission,4,COVERAGE CATEGORY BY PROVIDER REGION,HIV SNP-NEW YORK CITY,Adult-Art28 and 31,2016,Q3,19,129,0.147286822,69,374,0.184491979
4,30-Day MH Readmission,2,COVERAGE CATEGORY,MAINSTREAM,Adult-Art28 and 31,2016,Q3,1017,6104,0.166612058,3122,19051,0.163875912
4,30-Day MH Readmission,2,COVERAGE CATEGORY,MAINSTREAM,Youth-Art28 and 31,2016,Q3,209,1874,0.111526147,684,6350,0.107716535
4,30-Day MH Readmission,4,COVERAGE CATEGORY BY PROVIDER REGION,MAINSTREAM-NEW YORK CITY,Adult-Art28 and 31,2016,Q3,602,2956,0.203653586,1620,8606,0.188240762
4,30-Day MH Readmission,4,COVERAGE CATEGORY BY PROVIDER REGION,MAINSTREAM-NEW YORK CITY,Youth-Art28 and 31,2016,Q3,130,911,0.142700329,424,3105,0.136553945
4,30-Day MH Readmission,4,COVERAGE CATEGORY BY PROVIDER REGION,MAINSTREAM-REST OF STATE,Adult-Art28 and 31,2016,Q3,415,3148,0.131829733,1502,10445,0.143800862
4,30-Day MH Readmission,4,COVERAGE CATEGORY BY PROVIDER REGION,MAINSTREAM-REST OF STATE,Youth-Art28 and 31,2016,Q3,79,963,0.082035306,260,3245,0.080123267
4,30-Day MH Readmission,3,PROVIDER REGION,NEW YORK CITY,Adult-Art28 and 31,2016,Q3,1480,6897,0.214586052,4187,20411,0.205134486
4,30-Day MH Readmission,3,PROVIDER REGION,NEW YORK CITY,Youth-Art28 and 31,2016,Q3,174,1245,0.139759036,589,4183,0.140808033
4,30-Day MH Readmission,3,PROVIDER REGION,REST OF STATE,Adult-Art28 and 31,2016,Q3,785,5467,0.143588806,2317,16071,0.144172733
4,30-Day MH Readmission,3,PROVIDER REGION,REST OF STATE,Youth-Art28 and 31,2016,Q3,117,1308,0.089449541,371,4303,0.086218917
4,30-Day MH Readmission,1,STATEWIDE,STATEWIDE,Adult-Art28 and 31,2016,Q3,2265,12364,0.183193141,6504,36482,0.1782797
4,30-Day MH Readmission,1,STATEWIDE,STATEWIDE,Youth-Art28 and 31,2016,Q3,291,2553,0.113983549,960,8486,0.113127504
5,90-Day MH Readmission,2,COVERAGE CATEGORY,FFS,Adult-Art28 and 31,2016,Q3,905,3656,0.247538293,2859,11356,0.251761184
5,90-Day MH Readmission,2,COVERAGE CATEGORY,FFS,Youth-Art28 and 31,2016,Q3,124,647,0.191653787,438,2041,0.214600686
5,90-Day MH Readmission,4,COVERAGE CATEGORY BY PROVIDER REGION,FFS-NEW YORK CITY,Adult-Art28 and 31,2016,Q3,575,2106,0.27302944,1845,6533,0.282412368
5,90-Day MH Readmission,4,COVERAGE CATEGORY BY PROVIDER REGION,FFS-NEW YORK CITY,Youth-Art28 and 31,2016,Q3,68,316,0.215189873,250,1026,0.243664717
5,90-Day MH Readmission,4,COVERAGE CATEGORY BY PROVIDER REGION,FFS-REST OF STATE,Adult-Art28 and 31,2016,Q3,330,1550,0.212903226,1014,4823,0.210242588
5,90-Day MH Readmission,4,COVERAGE CATEGORY BY PROVIDER REGION,FFS-REST OF STATE,Youth-Art28 and 31,2016,Q3,56,331,0.16918429,188,1015,0.185221675
5,90-Day MH Readmission,2,COVERAGE CATEGORY,HARP,Adult-Art28 and 31,2016,Q3,1005,2417,0.415804717,2409,5537,0.435073144
5,90-Day MH Readmission,4,COVERAGE CATEGORY BY PROVIDER REGION,HARP-NEW YORK CITY,Adult-Art28 and 31,2016,Q3,748,1677,0.446034586,2152,4797,0.448613717
5,90-Day MH Readmission,4,COVERAGE CATEGORY BY PROVIDER REGION,HARP-REST OF STATE,Adult-Art28 and 31,2016,Q3,257,740,0.347297297,257,740,0.347297297
5,90-Day MH Readmission,2,COVERAGE CATEGORY,HIV SNP,Adult-Art28 and 31,2016,Q3,40,128,0.3125,126,373,0.337801609
5,90-Day MH Readmission,4,COVERAGE CATEGORY BY PROVIDER REGION,HIV SNP-NEW YORK CITY,Adult-Art28 and 31,2016,Q3,40,128,0.3125,126,373,0.337801609
5,90-Day MH Readmission,2,COVERAGE CATEGORY,MAINSTREAM,Adult-Art28 and 31,2016,Q3,1601,6053,0.264496944,5255,18858,0.278661576
5,90-Day MH Readmission,2,COVERAGE CATEGORY,MAINSTREAM,Youth-Art28 and 31,2016,Q3,362,1821,0.198791873,1199,6191,0.193668228
5,90-Day MH Readmission,4,COVERAGE CATEGORY BY PROVIDER REGION,MAINSTREAM-NEW YORK CITY,Adult-Art28 and 31,2016,Q3,920,2935,0.313458262,2668,8530,0.312778429
5,90-Day MH Readmission,4,COVERAGE CATEGORY BY PROVIDER REGION,MAINSTREAM-NEW YORK CITY,Youth-Art28 and 31,2016,Q3,204,888,0.22972973,687,3033,0.226508408
5,90-Day MH Readmission,4,COVERAGE CATEGORY BY PROVIDER REGION,MAINSTREAM-REST OF STATE,Adult-Art28 and 31,2016,Q3,681,3118,0.218409237,2587,10328,0.250484121
5,90-Day MH Readmission,4,COVERAGE CATEGORY BY PROVIDER REGION,MAINSTREAM-REST OF STATE,Youth-Art28 and 31,2016,Q3,158,933,0.169346195,512,3158,0.162127929
5,90-Day MH Readmission,3,PROVIDER REGION,NEW YORK CITY,Adult-Art28 and 31,2016,Q3,2283,6846,0.333479404,6791,20233,0.335639796
5,90-Day MH Readmission,3,PROVIDER REGION,NEW YORK CITY,Youth-Art28 and 31,2016,Q3,272,1204,0.225913621,937,4059,0.230845036
5,90-Day MH Readmission,3,PROVIDER REGION,REST OF STATE,Adult-Art28 and 31,2016,Q3,1268,5408,0.234467456,3858,15891,0.242778931
5,90-Day MH Readmission,3,PROVIDER REGION,REST OF STATE,Youth-Art28 and 31,2016,Q3,214,1264,0.169303797,700,4173,0.167745028
5,90-Day MH Readmission,1,STATEWIDE,STATEWIDE,Adult-Art28 and 31,2016,Q3,3551,12254,0.289782928,10649,36124,0.294790167
5,90-Day MH Readmission,1,STATEWIDE,STATEWIDE,Youth-Art28 and 31,2016,Q3,486,2468,0.196920583,1637,8232,0.198858115
4,30-Day MH Readmission,2,COVERAGE CATEGORY,FFS,Adult-Art28 and 31,2016,Q4,444,3199,0.138793373,2281,14680,0.155381471
4,30-Day MH Readmission,2,COVERAGE CATEGORY,FFS,Youth-Art28 and 31,2016,Q4,88,683,0.128843338,364,2819,0.129123803
4,30-Day MH Readmission,4,COVERAGE CATEGORY BY PROVIDER REGION,FFS-NEW YORK CITY,Adult-Art28 and 31,2016,Q4,273,1883,0.144981413,1455,8482,0.171539731
4,30-Day MH Readmission,4,COVERAGE CATEGORY BY PROVIDER REGION,FFS-NEW YORK CITY,Youth-Art28 and 31,2016,Q4,45,328,0.137195122,210,1406,0.149359886
4,30-Day MH Readmission,4,COVERAGE CATEGORY BY PROVIDER REGION,FFS-REST OF STATE,Adult-Art28 and 31,2016,Q4,171,1316,0.12993921,826,6198,0.133268796
4,30-Day MH Readmission,4,COVERAGE CATEGORY BY PROVIDER REGION,FFS-REST OF STATE,Youth-Art28 and 31,2016,Q4,43,355,0.121126761,154,1413,0.108987969
4,30-Day MH Readmission,2,COVERAGE CATEGORY,HARP,Adult-Art28 and 31,2016,Q4,585,2585,0.226305609,2061,8161,0.252542581
4,30-Day MH Readmission,4,COVERAGE CATEGORY BY PROVIDER REGION,HARP-NEW YORK CITY,Adult-Art28 and 31,2016,Q4,381,1629,0.23388582,1697,6461,0.26265284
4,30-Day MH Readmission,4,COVERAGE CATEGORY BY PROVIDER REGION,HARP-REST OF STATE,Adult-Art28 and 31,2016,Q4,204,956,0.213389121,364,1700,0.214117647
4,30-Day MH Readmission,2,COVERAGE CATEGORY,HIV SNP,Adult-Art28 and 31,2016,Q4,23,114,0.201754386,92,488,0.18852459
4,30-Day MH Readmission,4,COVERAGE CATEGORY BY PROVIDER REGION,HIV SNP-NEW YORK CITY,Adult-Art28 and 31,2016,Q4,23,114,0.201754386,92,488,0.18852459
4,30-Day MH Readmission,2,COVERAGE CATEGORY,MAINSTREAM,Adult-Art28 and 31,2016,Q4,834,5368,0.155365127,3956,24419,0.162004996
4,30-Day MH Readmission,2,COVERAGE CATEGORY,MAINSTREAM,Youth-Art28 and 31,2016,Q4,227,2294,0.098953793,911,8644,0.105391023
4,30-Day MH Readmission,4,COVERAGE CATEGORY BY PROVIDER REGION,MAINSTREAM-NEW YORK CITY,Adult-Art28 and 31,2016,Q4,505,2812,0.179587482,2125,11418,0.186109651
4,30-Day MH Readmission,4,COVERAGE CATEGORY BY PROVIDER REGION,MAINSTREAM-NEW YORK CITY,Youth-Art28 and 31,2016,Q4,135,1136,0.118838028,559,4241,0.131808536
4,30-Day MH Readmission,4,COVERAGE CATEGORY BY PROVIDER REGION,MAINSTREAM-REST OF STATE,Adult-Art28 and 31,2016,Q4,329,2556,0.128716745,1831,13001,0.14083532
4,30-Day MH Readmission,4,COVERAGE CATEGORY BY PROVIDER REGION,MAINSTREAM-REST OF STATE,Youth-Art28 and 31,2016,Q4,92,1158,0.079447323,352,4403,0.079945492
4,30-Day MH Readmission,3,PROVIDER REGION,NEW YORK CITY,Adult-Art28 and 31,2016,Q4,1182,6438,0.18359739,5369,26849,0.199970204
4,30-Day MH Readmission,3,PROVIDER REGION,NEW YORK CITY,Youth-Art28 and 31,2016,Q4,180,1464,0.12295082,769,5647,0.136178502
4,30-Day MH Readmission,3,PROVIDER REGION,REST OF STATE,Adult-Art28 and 31,2016,Q4,704,4828,0.145816073,3021,20899,0.144552371
4,30-Day MH Readmission,3,PROVIDER REGION,REST OF STATE,Youth-Art28 and 31,2016,Q4,135,1513,0.089226702,506,5816,0.087001376
4,30-Day MH Readmission,1,STATEWIDE,STATEWIDE,Adult-Art28 and 31,2016,Q4,1886,11266,0.167406355,8390,47748,0.175714166
4,30-Day MH Readmission,1,STATEWIDE,STATEWIDE,Youth-Art28 and 31,2016,Q4,315,2977,0.105811219,1275,11463,0.111227427
5,90-Day MH Readmission,2,COVERAGE CATEGORY,FFS,Adult-Art28 and 31,2016,Q4,759,3169,0.239507731,3618,14525,0.24908778
5,90-Day MH Readmission,2,COVERAGE CATEGORY,FFS,Youth-Art28 and 31,2016,Q4,133,645,0.20620155,571,2686,0.212583768
5,90-Day MH Readmission,4,COVERAGE CATEGORY BY PROVIDER REGION,FFS-NEW YORK CITY,Adult-Art28 and 31,2016,Q4,483,1870,0.25828877,2328,8403,0.277043913
5,90-Day MH Readmission,4,COVERAGE CATEGORY BY PROVIDER REGION,FFS-NEW YORK CITY,Youth-Art28 and 31,2016,Q4,77,315,0.244444444,327,1341,0.243847875
5,90-Day MH Readmission,4,COVERAGE CATEGORY BY PROVIDER REGION,FFS-REST OF STATE,Adult-Art28 and 31,2016,Q4,276,1299,0.212471132,1290,6122,0.210715452
5,90-Day MH Readmission,4,COVERAGE CATEGORY BY PROVIDER REGION,FFS-REST OF STATE,Youth-Art28 and 31,2016,Q4,56,330,0.16969697,244,1345,0.181412639
5,90-Day MH Readmission,2,COVERAGE CATEGORY,HARP,Adult-Art28 and 31,2016,Q4,1020,2554,0.399373532,3429,8091,0.423804227
5,90-Day MH Readmission,4,COVERAGE CATEGORY BY PROVIDER REGION,HARP-NEW YORK CITY,Adult-Art28 and 31,2016,Q4,667,1613,0.413515189,2819,6410,0.439781591
5,90-Day MH Readmission,4,COVERAGE CATEGORY BY PROVIDER REGION,HARP-REST OF STATE,Adult-Art28 and 31,2016,Q4,353,941,0.375132837,610,1681,0.362879239
5,90-Day MH Readmission,2,COVERAGE CATEGORY,HIV SNP,Adult-Art28 and 31,2016,Q4,40,114,0.350877193,166,487,0.340862423
5,90-Day MH Readmission,4,COVERAGE CATEGORY BY PROVIDER REGION,HIV SNP-NEW YORK CITY,Adult-Art28 and 31,2016,Q4,40,114,0.350877193,166,487,0.340862423
5,90-Day MH Readmission,2,COVERAGE CATEGORY,MAINSTREAM,Adult-Art28 and 31,2016,Q4,1377,5325,0.258591549,6632,24183,0.274242236
5,90-Day MH Readmission,2,COVERAGE CATEGORY,MAINSTREAM,Youth-Art28 and 31,2016,Q4,402,2231,0.180188256,1601,8422,0.190097364
5,90-Day MH Readmission,4,COVERAGE CATEGORY BY PROVIDER REGION,MAINSTREAM-NEW YORK CITY,Adult-Art28 and 31,2016,Q4,836,2793,0.299319728,3504,11323,0.309458624
5,90-Day MH Readmission,4,COVERAGE CATEGORY BY PROVIDER REGION,MAINSTREAM-NEW YORK CITY,Youth-Art28 and 31,2016,Q4,216,1104,0.195652174,903,4137,0.218274112
5,90-Day MH Readmission,4,COVERAGE CATEGORY BY PROVIDER REGION,MAINSTREAM-REST OF STATE,Adult-Art28 and 31,2016,Q4,541,2532,0.213665087,3128,12860,0.243234837
5,90-Day MH Readmission,4,COVERAGE CATEGORY BY PROVIDER REGION,MAINSTREAM-REST OF STATE,Youth-Art28 and 31,2016,Q4,186,1127,0.165039929,698,4285,0.162893816
5,90-Day MH Readmission,3,PROVIDER REGION,NEW YORK CITY,Adult-Art28 and 31,2016,Q4,2026,6390,0.317057903,8817,26623,0.331179807
5,90-Day MH Readmission,3,PROVIDER REGION,NEW YORK CITY,Youth-Art28 and 31,2016,Q4,293,1419,0.206483439,1230,5478,0.224534502
5,90-Day MH Readmission,3,PROVIDER REGION,REST OF STATE,Adult-Art28 and 31,2016,Q4,1170,4772,0.245180218,5028,20663,0.243333495
5,90-Day MH Readmission,3,PROVIDER REGION,REST OF STATE,Youth-Art28 and 31,2016,Q4,242,1457,0.166094715,942,5630,0.16731794
5,90-Day MH Readmission,1,STATEWIDE,STATEWIDE,Adult-Art28 and 31,2016,Q4,3196,11162,0.286328615,13845,47286,0.292792793
5,90-Day MH Readmission,1,STATEWIDE,STATEWIDE,Youth-Art28 and 31,2016,Q4,535,2876,0.186022253,2172,11108,0.19553475
4,30-Day MH Readmission,2,COVERAGE CATEGORY,FFS,Adult-Art28 and 31,2015,Q1,622,3830,0.162402089,622,3830,0.162402089
4,30-Day MH Readmission,2,COVERAGE CATEGORY,FFS,Youth-Art28 and 31,2015,Q1,108,876,0.123287671,108,876,0.123287671
4,30-Day MH Readmission,4,COVERAGE CATEGORY BY PROVIDER REGION,FFS-NEW YORK CITY,Adult-Art28 and 31,2015,Q1,405,2292,0.176701571,405,2292,0.176701571
4,30-Day MH Readmission,4,COVERAGE CATEGORY BY PROVIDER REGION,FFS-NEW YORK CITY,Youth-Art28 and 31,2015,Q1,65,460,0.141304348,65,460,0.141304348
4,30-Day MH Readmission,4,COVERAGE CATEGORY BY PROVIDER REGION,FFS-REST OF STATE,Adult-Art28 and 31,2015,Q1,217,1538,0.141092328,217,1538,0.141092328
4,30-Day MH Readmission,4,COVERAGE CATEGORY BY PROVIDER REGION,FFS-REST OF STATE,Youth-Art28 and 31,2015,Q1,43,416,0.103365385,43,416,0.103365385
4,30-Day MH Readmission,2,COVERAGE CATEGORY,HIV SNP,Adult-Art28 and 31,2015,Q1,19,108,0.175925926,19,108,0.175925926
4,30-Day MH Readmission,4,COVERAGE CATEGORY BY PROVIDER REGION,HIV SNP-NEW YORK CITY,Adult-Art28 and 31,2015,Q1,19,108,0.175925926,19,108,0.175925926
4,30-Day MH Readmission,2,COVERAGE CATEGORY,MAINSTREAM,Adult-Art28 and 31,2015,Q1,1380,7452,0.185185185,1380,7452,0.185185185
4,30-Day MH Readmission,2,COVERAGE CATEGORY,MAINSTREAM,Youth-Art28 and 31,2015,Q1,210,2245,0.093541203,210,2245,0.093541203
4,30-Day MH Readmission,4,COVERAGE CATEGORY BY PROVIDER REGION,MAINSTREAM-NEW YORK CITY,Adult-Art28 and 31,2015,Q1,868,4189,0.207209358,868,4189,0.207209358
4,30-Day MH Readmission,4,COVERAGE CATEGORY BY PROVIDER REGION,MAINSTREAM-NEW YORK CITY,Youth-Art28 and 31,2015,Q1,134,1204,0.111295681,134,1204,0.111295681
4,30-Day MH Readmission,4,COVERAGE CATEGORY BY PROVIDER REGION,MAINSTREAM-REST OF STATE,Adult-Art28 and 31,2015,Q1,512,3263,0.156910818,512,3263,0.156910818
4,30-Day MH Readmission,4,COVERAGE CATEGORY BY PROVIDER REGION,MAINSTREAM-REST OF STATE,Youth-Art28 and 31,2015,Q1,76,1041,0.073006724,76,1041,0.073006724
4,30-Day MH Readmission,3,PROVIDER REGION,NEW YORK CITY,Adult-Art28 and 31,2015,Q1,1292,6589,0.196084383,1292,6589,0.196084383
4,30-Day MH Readmission,3,PROVIDER REGION,NEW YORK CITY,Youth-Art28 and 31,2015,Q1,199,1664,0.119591346,199,1664,0.119591346
4,30-Day MH Readmission,3,PROVIDER REGION,REST OF STATE,Adult-Art28 and 31,2015,Q1,729,4801,0.151843366,729,4801,0.151843366
4,30-Day MH Readmission,3,PROVIDER REGION,REST OF STATE,Youth-Art28 and 31,2015,Q1,119,1457,0.081674674,119,1457,0.081674674
4,30-Day MH Readmission,1,STATEWIDE,STATEWIDE,Adult-Art28 and 31,2015,Q1,2021,11390,0.177436348,2021,11390,0.177436348
4,30-Day MH Readmission,1,STATEWIDE,STATEWIDE,Youth-Art28 and 31,2015,Q1,318,3121,0.10189042,318,3121,0.10189042
5,90-Day MH Readmission,2,COVERAGE CATEGORY,FFS,Adult-Art28 and 31,2015,Q1,945,3754,0.251731486,945,3754,0.251731486
5,90-Day MH Readmission,2,COVERAGE CATEGORY,FFS,Youth-Art28 and 31,2015,Q1,168,836,0.200956938,168,836,0.200956938
5,90-Day MH Readmission,4,COVERAGE CATEGORY BY PROVIDER REGION,FFS-NEW YORK CITY,Adult-Art28 and 31,2015,Q1,614,2255,0.272283814,614,2255,0.272283814
5,90-Day MH Readmission,4,COVERAGE CATEGORY BY PROVIDER REGION,FFS-NEW YORK CITY,Youth-Art28 and 31,2015,Q1,97,440,0.220454545,97,440,0.220454545
5,90-Day MH Readmission,4,COVERAGE CATEGORY BY PROVIDER REGION,FFS-REST OF STATE,Adult-Art28 and 31,2015,Q1,331,1499,0.220813876,331,1499,0.220813876
5,90-Day MH Readmission,4,COVERAGE CATEGORY BY PROVIDER REGION,FFS-REST OF STATE,Youth-Art28 and 31,2015,Q1,71,396,0.179292929,71,396,0.179292929
5,90-Day MH Readmission,2,COVERAGE CATEGORY,HIV SNP,Adult-Art28 and 31,2015,Q1,36,108,0.333333333,36,108,0.333333333
5,90-Day MH Readmission,4,COVERAGE CATEGORY BY PROVIDER REGION,HIV SNP-NEW YORK CITY,Adult-Art28 and 31,2015,Q1,36,108,0.333333333,36,108,0.333333333
5,90-Day MH Readmission,2,COVERAGE CATEGORY,MAINSTREAM,Adult-Art28 and 31,2015,Q1,2191,7286,0.300713698,2191,7286,0.300713698
5,90-Day MH Readmission,2,COVERAGE CATEGORY,MAINSTREAM,Youth-Art28 and 31,2015,Q1,354,2130,0.166197183,354,2130,0.166197183
5,90-Day MH Readmission,4,COVERAGE CATEGORY BY PROVIDER REGION,MAINSTREAM-NEW YORK CITY,Adult-Art28 and 31,2015,Q1,1404,4124,0.340446169,1404,4124,0.340446169
5,90-Day MH Readmission,4,COVERAGE CATEGORY BY PROVIDER REGION,MAINSTREAM-NEW YORK CITY,Youth-Art28 and 31,2015,Q1,225,1163,0.193465176,225,1163,0.193465176
5,90-Day MH Readmission,4,COVERAGE CATEGORY BY PROVIDER REGION,MAINSTREAM-REST OF STATE,Adult-Art28 and 31,2015,Q1,787,3162,0.248893106,787,3162,0.248893106
5,90-Day MH Readmission,4,COVERAGE CATEGORY BY PROVIDER REGION,MAINSTREAM-REST OF STATE,Youth-Art28 and 31,2015,Q1,129,967,0.133402275,129,967,0.133402275
5,90-Day MH Readmission,3,PROVIDER REGION,NEW YORK CITY,Adult-Art28 and 31,2015,Q1,2054,6487,0.316633267,2054,6487,0.316633267
5,90-Day MH Readmission,3,PROVIDER REGION,NEW YORK CITY,Youth-Art28 and 31,2015,Q1,322,1603,0.200873362,322,1603,0.200873362
5,90-Day MH Readmission,3,PROVIDER REGION,REST OF STATE,Adult-Art28 and 31,2015,Q1,1118,4661,0.23986269,1118,4661,0.23986269
5,90-Day MH Readmission,3,PROVIDER REGION,REST OF STATE,Youth-Art28 and 31,2015,Q1,200,1363,0.146735143,200,1363,0.146735143
5,90-Day MH Readmission,1,STATEWIDE,STATEWIDE,Adult-Art28 and 31,2015,Q1,3172,11148,0.284535343,3172,11148,0.284535343
5,90-Day MH Readmission,1,STATEWIDE,STATEWIDE,Youth-Art28 and 31,2015,Q1,522,2966,0.175994606,522,2966,0.175994606
4,30-Day MH Readmission,2,COVERAGE CATEGORY,FFS,Adult-Art28 and 31,2015,Q2,550,3903,0.140917243,1172,7733,0.151558257
4,30-Day MH Readmission,2,COVERAGE CATEGORY,FFS,Youth-Art28 and 31,2015,Q2,95,870,0.109195402,203,1746,0.11626575
4,30-Day MH Readmission,4,COVERAGE CATEGORY BY PROVIDER REGION,FFS-NEW YORK CITY,Adult-Art28 and 31,2015,Q2,372,2347,0.158500213,777,4639,0.167492994
4,30-Day MH Readmission,4,COVERAGE CATEGORY BY PROVIDER REGION,FFS-NEW YORK CITY,Youth-Art28 and 31,2015,Q2,55,483,0.113871636,120,943,0.127253446
4,30-Day MH Readmission,4,COVERAGE CATEGORY BY PROVIDER REGION,FFS-REST OF STATE,Adult-Art28 and 31,2015,Q2,178,1556,0.114395887,395,3094,0.127666451
4,30-Day MH Readmission,4,COVERAGE CATEGORY BY PROVIDER REGION,FFS-REST OF STATE,Youth-Art28 and 31,2015,Q2,40,387,0.103359173,83,803,0.103362391
4,30-Day MH Readmission,2,COVERAGE CATEGORY,HIV SNP,Adult-Art28 and 31,2015,Q2,22,114,0.192982456,41,222,0.184684685
4,30-Day MH Readmission,4,COVERAGE CATEGORY BY PROVIDER REGION,HIV SNP-NEW YORK CITY,Adult-Art28 and 31,2015,Q2,22,114,0.192982456,41,222,0.184684685
4,30-Day MH Readmission,2,COVERAGE CATEGORY,MAINSTREAM,Adult-Art28 and 31,2015,Q2,1453,7930,0.183228247,2833,15382,0.18417631
4,30-Day MH Readmission,2,COVERAGE CATEGORY,MAINSTREAM,Youth-Art28 and 31,2015,Q2,205,2385,0.085953878,415,4630,0.089632829
4,30-Day MH Readmission,4,COVERAGE CATEGORY BY PROVIDER REGION,MAINSTREAM-NEW YORK CITY,Adult-Art28 and 31,2015,Q2,954,4506,0.21171771,1822,8695,0.209545716
4,30-Day MH Readmission,4,COVERAGE CATEGORY BY PROVIDER REGION,MAINSTREAM-NEW YORK CITY,Youth-Art28 and 31,2015,Q2,128,1220,0.104918033,262,2424,0.108085809
4,30-Day MH Readmission,4,COVERAGE CATEGORY BY PROVIDER REGION,MAINSTREAM-REST OF STATE,Adult-Art28 and 31,2015,Q2,499,3424,0.145735981,1011,6687,0.151188874
4,30-Day MH Readmission,4,COVERAGE CATEGORY BY PROVIDER REGION,MAINSTREAM-REST OF STATE,Youth-Art28 and 31,2015,Q2,77,1165,0.066094421,153,2206,0.069356301
4,30-Day MH Readmission,3,PROVIDER REGION,NEW YORK CITY,Adult-Art28 and 31,2015,Q2,1348,6967,0.193483565,2640,13556,0.194747713
4,30-Day MH Readmission,3,PROVIDER REGION,NEW YORK CITY,Youth-Art28 and 31,2015,Q2,183,1703,0.107457428,382,3367,0.113454113
4,30-Day MH Readmission,3,PROVIDER REGION,REST OF STATE,Adult-Art28 and 31,2015,Q2,677,4980,0.135943775,1406,9781,0.143748083
4,30-Day MH Readmission,3,PROVIDER REGION,REST OF STATE,Youth-Art28 and 31,2015,Q2,117,1552,0.075386598,236,3009,0.078431373
4,30-Day MH Readmission,1,STATEWIDE,STATEWIDE,Adult-Art28 and 31,2015,Q2,2025,11947,0.169498619,4046,23337,0.173372756
4,30-Day MH Readmission,1,STATEWIDE,STATEWIDE,Youth-Art28 and 31,2015,Q2,300,3255,0.092165899,618,6376,0.096925972
5,90-Day MH Readmission,2,COVERAGE CATEGORY,FFS,Adult-Art28 and 31,2015,Q2,876,3823,0.229139419,1821,7577,0.240332585
5,90-Day MH Readmission,2,COVERAGE CATEGORY,FFS,Youth-Art28 and 31,2015,Q2,155,820,0.18902439,323,1656,0.195048309
5,90-Day MH Readmission,4,COVERAGE CATEGORY BY PROVIDER REGION,FFS-NEW YORK CITY,Adult-Art28 and 31,2015,Q2,601,2312,0.259948097,1215,4567,0.266038975
5,90-Day MH Readmission,4,COVERAGE CATEGORY BY PROVIDER REGION,FFS-NEW YORK CITY,Youth-Art28 and 31,2015,Q2,94,451,0.208425721,191,891,0.214365881
5,90-Day MH Readmission,4,COVERAGE CATEGORY BY PROVIDER REGION,FFS-REST OF STATE,Adult-Art28 and 31,2015,Q2,275,1511,0.181998676,606,3010,0.201328904
5,90-Day MH Readmission,4,COVERAGE CATEGORY BY PROVIDER REGION,FFS-REST OF STATE,Youth-Art28 and 31,2015,Q2,61,369,0.165311653,132,765,0.17254902
5,90-Day MH Readmission,2,COVERAGE CATEGORY,HIV SNP,Adult-Art28 and 31,2015,Q2,37,109,0.339449541,73,217,0.33640553
5,90-Day MH Readmission,4,COVERAGE CATEGORY BY PROVIDER REGION,HIV SNP-NEW YORK CITY,Adult-Art28 and 31,2015,Q2,37,109,0.339449541,73,217,0.33640553
5,90-Day MH Readmission,2,COVERAGE CATEGORY,MAINSTREAM,Adult-Art28 and 31,2015,Q2,2373,7737,0.306708026,4564,15023,0.303800839
5,90-Day MH Readmission,2,COVERAGE CATEGORY,MAINSTREAM,Youth-Art28 and 31,2015,Q2,320,2275,0.140659341,674,4405,0.153007946
5,90-Day MH Readmission,4,COVERAGE CATEGORY BY PROVIDER REGION,MAINSTREAM-NEW YORK CITY,Adult-Art28 and 31,2015,Q2,1577,4439,0.355260194,2981,8563,0.348125657
5,90-Day MH Readmission,4,COVERAGE CATEGORY BY PROVIDER REGION,MAINSTREAM-NEW YORK CITY,Youth-Art28 and 31,2015,Q2,208,1182,0.175972927,433,2345,0.184648188
5,90-Day MH Readmission,4,COVERAGE CATEGORY BY PROVIDER REGION,MAINSTREAM-REST OF STATE,Adult-Art28 and 31,2015,Q2,796,3298,0.241358399,1583,6460,0.24504644
5,90-Day MH Readmission,4,COVERAGE CATEGORY BY PROVIDER REGION,MAINSTREAM-REST OF STATE,Youth-Art28 and 31,2015,Q2,112,1093,0.102470265,241,2060,0.116990291
5,90-Day MH Readmission,3,PROVIDER REGION,NEW YORK CITY,Adult-Art28 and 31,2015,Q2,2215,6860,0.322886297,4269,13347,0.319847157
5,90-Day MH Readmission,3,PROVIDER REGION,NEW YORK CITY,Youth-Art28 and 31,2015,Q2,302,1633,0.184935701,624,3236,0.192830655
5,90-Day MH Readmission,3,PROVIDER REGION,REST OF STATE,Adult-Art28 and 31,2015,Q2,1071,4809,0.222707424,2189,9470,0.231151003
5,90-Day MH Readmission,3,PROVIDER REGION,REST OF STATE,Youth-Art28 and 31,2015,Q2,173,1462,0.118331053,373,2825,0.132035398
5,90-Day MH Readmission,1,STATEWIDE,STATEWIDE,Adult-Art28 and 31,2015,Q2,3286,11669,0.281600823,6458,22817,0.283034579
5,90-Day MH Readmission,1,STATEWIDE,STATEWIDE,Youth-Art28 and 31,2015,Q2,475,3095,0.153473344,997,6061,0.164494308
4,30-Day MH Readmission,2,COVERAGE CATEGORY,FFS,Adult-Art28 and 31,2015,Q3,688,4057,0.169583436,1860,11790,0.157760814
4,30-Day MH Readmission,2,COVERAGE CATEGORY,FFS,Youth-Art28 and 31,2015,Q3,101,845,0.119526627,304,2591,0.117329217
4,30-Day MH Readmission,4,COVERAGE CATEGORY BY PROVIDER REGION,FFS-NEW YORK CITY,Adult-Art28 and 31,2015,Q3,455,2474,0.183912692,1232,7113,0.173203993
4,30-Day MH Readmission,4,COVERAGE CATEGORY BY PROVIDER REGION,FFS-NEW YORK CITY,Youth-Art28 and 31,2015,Q3,53,447,0.118568233,173,1390,0.124460432
4,30-Day MH Readmission,4,COVERAGE CATEGORY BY PROVIDER REGION,FFS-REST OF STATE,Adult-Art28 and 31,2015,Q3,233,1583,0.147188882,628,4677,0.134274107
4,30-Day MH Readmission,4,COVERAGE CATEGORY BY PROVIDER REGION,FFS-REST OF STATE,Youth-Art28 and 31,2015,Q3,48,398,0.120603015,131,1201,0.10907577
4,30-Day MH Readmission,2,COVERAGE CATEGORY,HIV SNP,Adult-Art28 and 31,2015,Q3,22,116,0.189655172,63,338,0.186390533
4,30-Day MH Readmission,4,COVERAGE CATEGORY BY PROVIDER REGION,HIV SNP-NEW YORK CITY,Adult-Art28 and 31,2015,Q3,22,116,0.189655172,63,338,0.186390533
4,30-Day MH Readmission,2,COVERAGE CATEGORY,MAINSTREAM,Adult-Art28 and 31,2015,Q3,1451,8144,0.178167976,4284,23526,0.182096404
4,30-Day MH Readmission,2,COVERAGE CATEGORY,MAINSTREAM,Youth-Art28 and 31,2015,Q3,162,1757,0.092202618,577,6387,0.090339753
4,30-Day MH Readmission,4,COVERAGE CATEGORY BY PROVIDER REGION,MAINSTREAM-NEW YORK CITY,Adult-Art28 and 31,2015,Q3,935,4440,0.210585586,2757,13135,0.209897221
4,30-Day MH Readmission,4,COVERAGE CATEGORY BY PROVIDER REGION,MAINSTREAM-NEW YORK CITY,Youth-Art28 and 31,2015,Q3,100,875,0.114285714,362,3299,0.109730221
4,30-Day MH Readmission,4,COVERAGE CATEGORY BY PROVIDER REGION,MAINSTREAM-REST OF STATE,Adult-Art28 and 31,2015,Q3,516,3704,0.139308855,1527,10391,0.146954095
4,30-Day MH Readmission,4,COVERAGE CATEGORY BY PROVIDER REGION,MAINSTREAM-REST OF STATE,Youth-Art28 and 31,2015,Q3,62,882,0.070294785,215,3088,0.069624352
4,30-Day MH Readmission,3,PROVIDER REGION,NEW YORK CITY,Adult-Art28 and 31,2015,Q3,1412,7030,0.200853485,4052,20586,0.196832799
4,30-Day MH Readmission,3,PROVIDER REGION,NEW YORK CITY,Youth-Art28 and 31,2015,Q3,153,1322,0.115733737,535,4689,0.114096822
4,30-Day MH Readmission,3,PROVIDER REGION,REST OF STATE,Adult-Art28 and 31,2015,Q3,749,5287,0.141668243,2155,15068,0.143018317
4,30-Day MH Readmission,3,PROVIDER REGION,REST OF STATE,Youth-Art28 and 31,2015,Q3,110,1280,0.0859375,346,4289,0.080671485
4,30-Day MH Readmission,1,STATEWIDE,STATEWIDE,Adult-Art28 and 31,2015,Q3,2161,12317,0.175448567,6207,35654,0.174089864
4,30-Day MH Readmission,1,STATEWIDE,STATEWIDE,Youth-Art28 and 31,2015,Q3,263,2602,0.101076095,881,8978,0.098128759
5,90-Day MH Readmission,2,COVERAGE CATEGORY,FFS,Adult-Art28 and 31,2015,Q3,1065,3990,0.266917293,2886,11567,0.249502896
5,90-Day MH Readmission,2,COVERAGE CATEGORY,FFS,Youth-Art28 and 31,2015,Q3,151,799,0.188986233,474,2455,0.193075356
5,90-Day MH Readmission,4,COVERAGE CATEGORY BY PROVIDER REGION,FFS-NEW YORK CITY,Adult-Art28 and 31,2015,Q3,716,2443,0.293082276,1931,7010,0.275463623
5,90-Day MH Readmission,4,COVERAGE CATEGORY BY PROVIDER REGION,FFS-NEW YORK CITY,Youth-Art28 and 31,2015,Q3,87,429,0.202797203,278,1320,0.210606061
5,90-Day MH Readmission,4,COVERAGE CATEGORY BY PROVIDER REGION,FFS-REST OF STATE,Adult-Art28 and 31,2015,Q3,349,1547,0.225597931,955,4557,0.209567698
5,90-Day MH Readmission,4,COVERAGE CATEGORY BY PROVIDER REGION,FFS-REST OF STATE,Youth-Art28 and 31,2015,Q3,64,370,0.172972973,196,1135,0.172687225
5,90-Day MH Readmission,2,COVERAGE CATEGORY,HIV SNP,Adult-Art28 and 31,2015,Q3,37,112,0.330357143,110,329,0.334346505
5,90-Day MH Readmission,4,COVERAGE CATEGORY BY PROVIDER REGION,HIV SNP-NEW YORK CITY,Adult-Art28 and 31,2015,Q3,37,112,0.330357143,110,329,0.334346505
5,90-Day MH Readmission,2,COVERAGE CATEGORY,MAINSTREAM,Adult-Art28 and 31,2015,Q3,2300,7896,0.291286727,6864,22919,0.299489507
5,90-Day MH Readmission,2,COVERAGE CATEGORY,MAINSTREAM,Youth-Art28 and 31,2015,Q3,274,1659,0.165159735,948,6064,0.156332454
5,90-Day MH Readmission,4,COVERAGE CATEGORY BY PROVIDER REGION,MAINSTREAM-NEW YORK CITY,Adult-Art28 and 31,2015,Q3,1482,4313,0.343612335,4463,12876,0.346613855
5,90-Day MH Readmission,4,COVERAGE CATEGORY BY PROVIDER REGION,MAINSTREAM-NEW YORK CITY,Youth-Art28 and 31,2015,Q3,168,838,0.200477327,601,3183,0.188815583
5,90-Day MH Readmission,4,COVERAGE CATEGORY BY PROVIDER REGION,MAINSTREAM-REST OF STATE,Adult-Art28 and 31,2015,Q3,818,3583,0.228300307,2401,10043,0.23907199
5,90-Day MH Readmission,4,COVERAGE CATEGORY BY PROVIDER REGION,MAINSTREAM-REST OF STATE,Youth-Art28 and 31,2015,Q3,106,821,0.12911084,347,2881,0.12044429
5,90-Day MH Readmission,3,PROVIDER REGION,NEW YORK CITY,Adult-Art28 and 31,2015,Q3,2235,6868,0.325422248,6504,20215,0.321741281
5,90-Day MH Readmission,3,PROVIDER REGION,NEW YORK CITY,Youth-Art28 and 31,2015,Q3,255,1267,0.201262826,879,4503,0.195203198
5,90-Day MH Readmission,3,PROVIDER REGION,REST OF STATE,Adult-Art28 and 31,2015,Q3,1167,5130,0.22748538,3356,14600,0.229863014
5,90-Day MH Readmission,3,PROVIDER REGION,REST OF STATE,Youth-Art28 and 31,2015,Q3,170,1191,0.142737196,543,4016,0.135209163
5,90-Day MH Readmission,1,STATEWIDE,STATEWIDE,Adult-Art28 and 31,2015,Q3,3402,11998,0.283547258,9860,34815,0.28321126
5,90-Day MH Readmission,1,STATEWIDE,STATEWIDE,Youth-Art28 and 31,2015,Q3,425,2458,0.172904801,1422,8519,0.166921
4,30-Day MH Readmission,2,COVERAGE CATEGORY,FFS,Adult-Art28 and 31,2015,Q4,631,3964,0.159182644,2491,15754,0.158118573
4,30-Day MH Readmission,2,COVERAGE CATEGORY,FFS,Youth-Art28 and 31,2015,Q4,90,832,0.108173077,394,3423,0.11510371
4,30-Day MH Readmission,4,COVERAGE CATEGORY BY PROVIDER REGION,FFS-NEW YORK CITY,Adult-Art28 and 31,2015,Q4,416,2389,0.174131436,1648,9502,0.173437171
4,30-Day MH Readmission,4,COVERAGE CATEGORY BY PROVIDER REGION,FFS-NEW YORK CITY,Youth-Art28 and 31,2015,Q4,51,445,0.114606742,224,1835,0.122070845
4,30-Day MH Readmission,4,COVERAGE CATEGORY BY PROVIDER REGION,FFS-REST OF STATE,Adult-Art28 and 31,2015,Q4,215,1575,0.136507937,843,6252,0.134836852
4,30-Day MH Readmission,4,COVERAGE CATEGORY BY PROVIDER REGION,FFS-REST OF STATE,Youth-Art28 and 31,2015,Q4,39,387,0.100775194,170,1588,0.107052897
4,30-Day MH Readmission,2,COVERAGE CATEGORY,HARP,Adult-Art28 and 31,2015,Q4,183,829,0.220747889,183,829,0.220747889
4,30-Day MH Readmission,4,COVERAGE CATEGORY BY PROVIDER REGION,HARP-NEW YORK CITY,Adult-Art28 and 31,2015,Q4,183,829,0.220747889,183,829,0.220747889
4,30-Day MH Readmission,2,COVERAGE CATEGORY,HIV SNP,Adult-Art28 and 31,2015,Q4,25,112,0.223214286,88,450,0.195555556
4,30-Day MH Readmission,4,COVERAGE CATEGORY BY PROVIDER REGION,HIV SNP-NEW YORK CITY,Adult-Art28 and 31,2015,Q4,25,112,0.223214286,88,450,0.195555556
4,30-Day MH Readmission,2,COVERAGE CATEGORY,MAINSTREAM,Adult-Art28 and 31,2015,Q4,1144,6798,0.16828479,5428,30324,0.179000132
4,30-Day MH Readmission,2,COVERAGE CATEGORY,MAINSTREAM,Youth-Art28 and 31,2015,Q4,192,2319,0.082794308,769,8706,0.088329887
4,30-Day MH Readmission,4,COVERAGE CATEGORY BY PROVIDER REGION,MAINSTREAM-NEW YORK CITY,Adult-Art28 and 31,2015,Q4,646,3361,0.192204701,3403,16496,0.206292435
4,30-Day MH Readmission,4,COVERAGE CATEGORY BY PROVIDER REGION,MAINSTREAM-NEW YORK CITY,Youth-Art28 and 31,2015,Q4,123,1168,0.105308219,485,4467,0.108573987
4,30-Day MH Readmission,4,COVERAGE CATEGORY BY PROVIDER REGION,MAINSTREAM-REST OF STATE,Adult-Art28 and 31,2015,Q4,498,3437,0.144893803,2025,13828,0.146442002
4,30-Day MH Readmission,4,COVERAGE CATEGORY BY PROVIDER REGION,MAINSTREAM-REST OF STATE,Youth-Art28 and 31,2015,Q4,69,1151,0.059947871,284,4239,0.066996933
4,30-Day MH Readmission,3,PROVIDER REGION,NEW YORK CITY,Adult-Art28 and 31,2015,Q4,1270,6691,0.189807204,5322,27277,0.195109433
4,30-Day MH Readmission,3,PROVIDER REGION,NEW YORK CITY,Youth-Art28 and 31,2015,Q4,174,1613,0.107873528,709,6302,0.112503967
4,30-Day MH Readmission,3,PROVIDER REGION,REST OF STATE,Adult-Art28 and 31,2015,Q4,713,5012,0.142258579,2868,20080,0.142828685
4,30-Day MH Readmission,3,PROVIDER REGION,REST OF STATE,Youth-Art28 and 31,2015,Q4,108,1538,0.070221066,454,5827,0.077913163
4,30-Day MH Readmission,1,STATEWIDE,STATEWIDE,Adult-Art28 and 31,2015,Q4,1983,11703,0.169443732,8190,47357,0.172941698
4,30-Day MH Readmission,1,STATEWIDE,STATEWIDE,Youth-Art28 and 31,2015,Q4,282,3151,0.089495398,1163,12129,0.095885893
5,90-Day MH Readmission,2,COVERAGE CATEGORY,FFS,Adult-Art28 and 31,2015,Q4,967,3875,0.249548387,3853,15442,0.249514312
5,90-Day MH Readmission,2,COVERAGE CATEGORY,FFS,Youth-Art28 and 31,2015,Q4,134,779,0.172015404,608,3234,0.188002474
5,90-Day MH Readmission,4,COVERAGE CATEGORY BY PROVIDER REGION,FFS-NEW YORK CITY,Adult-Art28 and 31,2015,Q4,645,2356,0.2737691,2576,9366,0.275037369
5,90-Day MH Readmission,4,COVERAGE CATEGORY BY PROVIDER REGION,FFS-NEW YORK CITY,Youth-Art28 and 31,2015,Q4,77,423,0.182033097,355,1743,0.20367183
5,90-Day MH Readmission,4,COVERAGE CATEGORY BY PROVIDER REGION,FFS-REST OF STATE,Adult-Art28 and 31,2015,Q4,322,1519,0.211981567,1277,6076,0.210171165
5,90-Day MH Readmission,4,COVERAGE CATEGORY BY PROVIDER REGION,FFS-REST OF STATE,Youth-Art28 and 31,2015,Q4,57,356,0.16011236,253,1491,0.169684775
5,90-Day MH Readmission,2,COVERAGE CATEGORY,HARP,Adult-Art28 and 31,2015,Q4,305,785,0.388535032,305,785,0.388535032
5,90-Day MH Readmission,4,COVERAGE CATEGORY BY PROVIDER REGION,HARP-NEW YORK CITY,Adult-Art28 and 31,2015,Q4,305,785,0.388535032,305,785,0.388535032
5,90-Day MH Readmission,2,COVERAGE CATEGORY,HIV SNP,Adult-Art28 and 31,2015,Q4,38,108,0.351851852,148,437,0.338672769
5,90-Day MH Readmission,4,COVERAGE CATEGORY BY PROVIDER REGION,HIV SNP-NEW YORK CITY,Adult-Art28 and 31,2015,Q4,38,108,0.351851852,148,437,0.338672769
5,90-Day MH Readmission,2,COVERAGE CATEGORY,MAINSTREAM,Adult-Art28 and 31,2015,Q4,1761,6557,0.268567943,8625,29476,0.292610938
5,90-Day MH Readmission,2,COVERAGE CATEGORY,MAINSTREAM,Youth-Art28 and 31,2015,Q4,309,2164,0.142791128,1257,8228,0.152771026
5,90-Day MH Readmission,4,COVERAGE CATEGORY BY PROVIDER REGION,MAINSTREAM-NEW YORK CITY,Adult-Art28 and 31,2015,Q4,967,3258,0.296807858,5430,16134,0.336556341
5,90-Day MH Readmission,4,COVERAGE CATEGORY BY PROVIDER REGION,MAINSTREAM-NEW YORK CITY,Youth-Art28 and 31,2015,Q4,187,1118,0.16726297,788,4301,0.183213206
5,90-Day MH Readmission,4,COVERAGE CATEGORY BY PROVIDER REGION,MAINSTREAM-REST OF STATE,Adult-Art28 and 31,2015,Q4,794,3299,0.240678994,3195,13342,0.239469345
5,90-Day MH Readmission,4,COVERAGE CATEGORY BY PROVIDER REGION,MAINSTREAM-REST OF STATE,Youth-Art28 and 31,2015,Q4,122,1046,0.116634799,469,3927,0.11942959
5,90-Day MH Readmission,3,PROVIDER REGION,NEW YORK CITY,Adult-Art28 and 31,2015,Q4,1955,6507,0.300445674,8459,26722,0.316555647
5,90-Day MH Readmission,3,PROVIDER REGION,NEW YORK CITY,Youth-Art28 and 31,2015,Q4,264,1541,0.171317326,1143,6044,0.18911317
5,90-Day MH Readmission,3,PROVIDER REGION,REST OF STATE,Adult-Art28 and 31,2015,Q4,1116,4818,0.231631382,4472,19418,0.230301782
5,90-Day MH Readmission,3,PROVIDER REGION,REST OF STATE,Youth-Art28 and 31,2015,Q4,179,1402,0.12767475,722,5418,0.133259505
5,90-Day MH Readmission,1,STATEWIDE,STATEWIDE,Adult-Art28 and 31,2015,Q4,3071,11325,0.271169978,12931,46140,0.280255743
5,90-Day MH Readmission,1,STATEWIDE,STATEWIDE,Youth-Art28 and 31,2015,Q4,443,2943,0.150526673,1865,11462,0.162711569
4,30-Day MH Readmission,2,COVERAGE CATEGORY,FFS,Adult-Art28 and 31,2014,Q1,722,4071,0.177352002,722,4071,0.177352002
4,30-Day MH Readmission,2,COVERAGE CATEGORY,FFS,Youth-Art28 and 31,2014,Q1,105,910,0.115384615,105,910,0.115384615
4,30-Day MH Readmission,4,COVERAGE CATEGORY BY PROVIDER REGION,FFS-NEW YORK CITY,Adult-Art28 and 31,2014,Q1,498,2475,0.201212121,498,2475,0.201212121
4,30-Day MH Readmission,4,COVERAGE CATEGORY BY PROVIDER REGION,FFS-NEW YORK CITY,Youth-Art28 and 31,2014,Q1,54,475,0.113684211,54,475,0.113684211
4,30-Day MH Readmission,4,COVERAGE CATEGORY BY PROVIDER REGION,FFS-REST OF STATE,Adult-Art28 and 31,2014,Q1,224,1596,0.140350877,224,1596,0.140350877
4,30-Day MH Readmission,4,COVERAGE CATEGORY BY PROVIDER REGION,FFS-REST OF STATE,Youth-Art28 and 31,2014,Q1,51,435,0.117241379,51,435,0.117241379
4,30-Day MH Readmission,2,COVERAGE CATEGORY,HIV SNP,Adult-Art28 and 31,2014,Q1,21,130,0.161538462,21,130,0.161538462
4,30-Day MH Readmission,4,COVERAGE CATEGORY BY PROVIDER REGION,HIV SNP-NEW YORK CITY,Adult-Art28 and 31,2014,Q1,21,130,0.161538462,21,130,0.161538462
4,30-Day MH Readmission,2,COVERAGE CATEGORY,MAINSTREAM,Adult-Art28 and 31,2014,Q1,1198,6625,0.180830189,1198,6625,0.180830189
4,30-Day MH Readmission,2,COVERAGE CATEGORY,MAINSTREAM,Youth-Art28 and 31,2014,Q1,197,2015,0.097766749,197,2015,0.097766749
4,30-Day MH Readmission,4,COVERAGE CATEGORY BY PROVIDER REGION,MAINSTREAM-NEW YORK CITY,Adult-Art28 and 31,2014,Q1,815,3840,0.212239583,815,3840,0.212239583
4,30-Day MH Readmission,4,COVERAGE CATEGORY BY PROVIDER REGION,MAINSTREAM-NEW YORK CITY,Youth-Art28 and 31,2014,Q1,128,1117,0.114592659,128,1117,0.114592659
4,30-Day MH Readmission,4,COVERAGE CATEGORY BY PROVIDER REGION,MAINSTREAM-REST OF STATE,Adult-Art28 and 31,2014,Q1,383,2785,0.137522442,383,2785,0.137522442
4,30-Day MH Readmission,4,COVERAGE CATEGORY BY PROVIDER REGION,MAINSTREAM-REST OF STATE,Youth-Art28 and 31,2014,Q1,69,898,0.076837416,69,898,0.076837416
4,30-Day MH Readmission,3,PROVIDER REGION,NEW YORK CITY,Adult-Art28 and 31,2014,Q1,1334,6445,0.206982157,1334,6445,0.206982157
4,30-Day MH Readmission,3,PROVIDER REGION,NEW YORK CITY,Youth-Art28 and 31,2014,Q1,182,1592,0.114321608,182,1592,0.114321608
4,30-Day MH Readmission,3,PROVIDER REGION,REST OF STATE,Adult-Art28 and 31,2014,Q1,607,4381,0.138552842,607,4381,0.138552842
4,30-Day MH Readmission,3,PROVIDER REGION,REST OF STATE,Youth-Art28 and 31,2014,Q1,120,1333,0.090022506,120,1333,0.090022506
4,30-Day MH Readmission,1,STATEWIDE,STATEWIDE,Adult-Art28 and 31,2014,Q1,1941,10826,0.179290597,1941,10826,0.179290597
4,30-Day MH Readmission,1,STATEWIDE,STATEWIDE,Youth-Art28 and 31,2014,Q1,302,2925,0.103247863,302,2925,0.103247863
5,90-Day MH Readmission,2,COVERAGE CATEGORY,FFS,Adult-Art28 and 31,2014,Q1,1093,3989,0.27400351,1093,3989,0.27400351
5,90-Day MH Readmission,2,COVERAGE CATEGORY,FFS,Youth-Art28 and 31,2014,Q1,157,850,0.184705882,157,850,0.184705882
5,90-Day MH Readmission,4,COVERAGE CATEGORY BY PROVIDER REGION,FFS-NEW YORK CITY,Adult-Art28 and 31,2014,Q1,754,2431,0.310160428,754,2431,0.310160428
5,90-Day MH Readmission,4,COVERAGE CATEGORY BY PROVIDER REGION,FFS-NEW YORK CITY,Youth-Art28 and 31,2014,Q1,86,448,0.191964286,86,448,0.191964286
5,90-Day MH Readmission,4,COVERAGE CATEGORY BY PROVIDER REGION,FFS-REST OF STATE,Adult-Art28 and 31,2014,Q1,339,1558,0.21758665,339,1558,0.21758665
5,90-Day MH Readmission,4,COVERAGE CATEGORY BY PROVIDER REGION,FFS-REST OF STATE,Youth-Art28 and 31,2014,Q1,71,402,0.176616915,71,402,0.176616915
5,90-Day MH Readmission,2,COVERAGE CATEGORY,HIV SNP,Adult-Art28 and 31,2014,Q1,33,124,0.266129032,33,124,0.266129032
5,90-Day MH Readmission,4,COVERAGE CATEGORY BY PROVIDER REGION,HIV SNP-NEW YORK CITY,Adult-Art28 and 31,2014,Q1,33,124,0.266129032,33,124,0.266129032
5,90-Day MH Readmission,2,COVERAGE CATEGORY,MAINSTREAM,Adult-Art28 and 31,2014,Q1,1998,6457,0.309431625,1998,6457,0.309431625
5,90-Day MH Readmission,2,COVERAGE CATEGORY,MAINSTREAM,Youth-Art28 and 31,2014,Q1,342,1898,0.180189673,342,1898,0.180189673
5,90-Day MH Readmission,4,COVERAGE CATEGORY BY PROVIDER REGION,MAINSTREAM-NEW YORK CITY,Adult-Art28 and 31,2014,Q1,1341,3759,0.356743815,1341,3759,0.356743815
5,90-Day MH Readmission,4,COVERAGE CATEGORY BY PROVIDER REGION,MAINSTREAM-NEW YORK CITY,Youth-Art28 and 31,2014,Q1,212,1063,0.19943556,212,1063,0.19943556
5,90-Day MH Readmission,4,COVERAGE CATEGORY BY PROVIDER REGION,MAINSTREAM-REST OF STATE,Adult-Art28 and 31,2014,Q1,657,2698,0.243513714,657,2698,0.243513714
5,90-Day MH Readmission,4,COVERAGE CATEGORY BY PROVIDER REGION,MAINSTREAM-REST OF STATE,Youth-Art28 and 31,2014,Q1,130,835,0.155688623,130,835,0.155688623
5,90-Day MH Readmission,3,PROVIDER REGION,NEW YORK CITY,Adult-Art28 and 31,2014,Q1,2128,6314,0.337028825,2128,6314,0.337028825
5,90-Day MH Readmission,3,PROVIDER REGION,NEW YORK CITY,Youth-Art28 and 31,2014,Q1,298,1511,0.197220384,298,1511,0.197220384
5,90-Day MH Readmission,3,PROVIDER REGION,REST OF STATE,Adult-Art28 and 31,2014,Q1,996,4256,0.234022556,996,4256,0.234022556
5,90-Day MH Readmission,3,PROVIDER REGION,REST OF STATE,Youth-Art28 and 31,2014,Q1,201,1237,0.162489895,201,1237,0.162489895
5,90-Day MH Readmission,1,STATEWIDE,STATEWIDE,Adult-Art28 and 31,2014,Q1,3124,10570,0.295553453,3124,10570,0.295553453
5,90-Day MH Readmission,1,STATEWIDE,STATEWIDE,Youth-Art28 and 31,2014,Q1,499,2748,0.181586608,499,2748,0.181586608
4,30-Day MH Readmission,2,COVERAGE CATEGORY,FFS,Adult-Art28 and 31,2014,Q2,706,4241,0.166470172,1428,8312,0.171799808
4,30-Day MH Readmission,2,COVERAGE CATEGORY,FFS,Youth-Art28 and 31,2014,Q2,113,977,0.115660184,218,1887,0.115527292
4,30-Day MH Readmission,4,COVERAGE CATEGORY BY PROVIDER REGION,FFS-NEW YORK CITY,Adult-Art28 and 31,2014,Q2,516,2664,0.193693694,1014,5139,0.197314653
4,30-Day MH Readmission,4,COVERAGE CATEGORY BY PROVIDER REGION,FFS-NEW YORK CITY,Youth-Art28 and 31,2014,Q2,71,541,0.131238447,125,1016,0.123031496
4,30-Day MH Readmission,4,COVERAGE CATEGORY BY PROVIDER REGION,FFS-REST OF STATE,Adult-Art28 and 31,2014,Q2,190,1577,0.120481928,414,3173,0.13047589
4,30-Day MH Readmission,4,COVERAGE CATEGORY BY PROVIDER REGION,FFS-REST OF STATE,Youth-Art28 and 31,2014,Q2,42,436,0.096330275,93,871,0.106773823
4,30-Day MH Readmission,2,COVERAGE CATEGORY,HIV SNP,Adult-Art28 and 31,2014,Q2,18,128,0.140625,39,258,0.151162791
4,30-Day MH Readmission,4,COVERAGE CATEGORY BY PROVIDER REGION,HIV SNP-NEW YORK CITY,Adult-Art28 and 31,2014,Q2,18,128,0.140625,39,258,0.151162791
4,30-Day MH Readmission,2,COVERAGE CATEGORY,MAINSTREAM,Adult-Art28 and 31,2014,Q2,1310,7431,0.176288521,2508,14056,0.178429141
4,30-Day MH Readmission,2,COVERAGE CATEGORY,MAINSTREAM,Youth-Art28 and 31,2014,Q2,212,2252,0.094138544,409,4267,0.095851887
4,30-Day MH Readmission,4,COVERAGE CATEGORY BY PROVIDER REGION,MAINSTREAM-NEW YORK CITY,Adult-Art28 and 31,2014,Q2,876,4248,0.206214689,1691,8088,0.209075173
4,30-Day MH Readmission,4,COVERAGE CATEGORY BY PROVIDER REGION,MAINSTREAM-NEW YORK CITY,Youth-Art28 and 31,2014,Q2,128,1193,0.10729254,256,2310,0.110822511
4,30-Day MH Readmission,4,COVERAGE CATEGORY BY PROVIDER REGION,MAINSTREAM-REST OF STATE,Adult-Art28 and 31,2014,Q2,434,3183,0.136349356,817,5968,0.136896783
4,30-Day MH Readmission,4,COVERAGE CATEGORY BY PROVIDER REGION,MAINSTREAM-REST OF STATE,Youth-Art28 and 31,2014,Q2,84,1059,0.079320113,153,1957,0.078180889
4,30-Day MH Readmission,3,PROVIDER REGION,NEW YORK CITY,Adult-Art28 and 31,2014,Q2,1410,7040,0.200284091,2744,13485,0.203485354
4,30-Day MH Readmission,3,PROVIDER REGION,NEW YORK CITY,Youth-Art28 and 31,2014,Q2,199,1734,0.114763552,381,3326,0.114552014
4,30-Day MH Readmission,3,PROVIDER REGION,REST OF STATE,Adult-Art28 and 31,2014,Q2,624,4760,0.131092437,1231,9141,0.134667979
4,30-Day MH Readmission,3,PROVIDER REGION,REST OF STATE,Youth-Art28 and 31,2014,Q2,126,1495,0.084280936,246,2828,0.08698727
4,30-Day MH Readmission,1,STATEWIDE,STATEWIDE,Adult-Art28 and 31,2014,Q2,2034,11800,0.172372881,3975,22626,0.175682843
4,30-Day MH Readmission,1,STATEWIDE,STATEWIDE,Youth-Art28 and 31,2014,Q2,325,3229,0.100650356,627,6154,0.101884953
5,90-Day MH Readmission,2,COVERAGE CATEGORY,FFS,Adult-Art28 and 31,2014,Q2,1046,4160,0.251442308,2139,8149,0.262486195
5,90-Day MH Readmission,2,COVERAGE CATEGORY,FFS,Youth-Art28 and 31,2014,Q2,185,917,0.20174482,342,1767,0.193548387
5,90-Day MH Readmission,4,COVERAGE CATEGORY BY PROVIDER REGION,FFS-NEW YORK CITY,Adult-Art28 and 31,2014,Q2,736,2614,0.281560826,1490,5045,0.295341923
5,90-Day MH Readmission,4,COVERAGE CATEGORY BY PROVIDER REGION,FFS-NEW YORK CITY,Youth-Art28 and 31,2014,Q2,117,509,0.229862475,203,957,0.212121212
5,90-Day MH Readmission,4,COVERAGE CATEGORY BY PROVIDER REGION,FFS-REST OF STATE,Adult-Art28 and 31,2014,Q2,310,1546,0.200517464,649,3104,0.209085052
5,90-Day MH Readmission,4,COVERAGE CATEGORY BY PROVIDER REGION,FFS-REST OF STATE,Youth-Art28 and 31,2014,Q2,68,408,0.166666667,139,810,0.171604938
5,90-Day MH Readmission,2,COVERAGE CATEGORY,HIV SNP,Adult-Art28 and 31,2014,Q2,39,128,0.3046875,72,252,0.285714286
5,90-Day MH Readmission,4,COVERAGE CATEGORY BY PROVIDER REGION,HIV SNP-NEW YORK CITY,Adult-Art28 and 31,2014,Q2,39,128,0.3046875,72,252,0.285714286
5,90-Day MH Readmission,2,COVERAGE CATEGORY,MAINSTREAM,Adult-Art28 and 31,2014,Q2,2219,7276,0.304975261,4217,13733,0.30707056
5,90-Day MH Readmission,2,COVERAGE CATEGORY,MAINSTREAM,Youth-Art28 and 31,2014,Q2,352,2141,0.164409155,694,4039,0.171824709
5,90-Day MH Readmission,4,COVERAGE CATEGORY BY PROVIDER REGION,MAINSTREAM-NEW YORK CITY,Adult-Art28 and 31,2014,Q2,1483,4179,0.354869586,2824,7938,0.355757118
5,90-Day MH Readmission,4,COVERAGE CATEGORY BY PROVIDER REGION,MAINSTREAM-NEW YORK CITY,Youth-Art28 and 31,2014,Q2,218,1140,0.19122807,430,2203,0.195188379
5,90-Day MH Readmission,4,COVERAGE CATEGORY BY PROVIDER REGION,MAINSTREAM-REST OF STATE,Adult-Art28 and 31,2014,Q2,736,3097,0.237649338,1393,5795,0.240379638
5,90-Day MH Readmission,4,COVERAGE CATEGORY BY PROVIDER REGION,MAINSTREAM-REST OF STATE,Youth-Art28 and 31,2014,Q2,134,1001,0.133866134,264,1836,0.14379085
5,90-Day MH Readmission,3,PROVIDER REGION,NEW YORK CITY,Adult-Art28 and 31,2014,Q2,2258,6921,0.326253432,4386,13235,0.331394031
5,90-Day MH Readmission,3,PROVIDER REGION,NEW YORK CITY,Youth-Art28 and 31,2014,Q2,335,1649,0.203153426,633,3160,0.200316456
5,90-Day MH Readmission,3,PROVIDER REGION,REST OF STATE,Adult-Art28 and 31,2014,Q2,1046,4643,0.225285376,2042,8899,0.229463985
5,90-Day MH Readmission,3,PROVIDER REGION,REST OF STATE,Youth-Art28 and 31,2014,Q2,202,1409,0.143364088,403,2646,0.152305367
5,90-Day MH Readmission,1,STATEWIDE,STATEWIDE,Adult-Art28 and 31,2014,Q2,3304,11564,0.285714286,6428,22134,0.290412939
5,90-Day MH Readmission,1,STATEWIDE,STATEWIDE,Youth-Art28 and 31,2014,Q2,537,3058,0.175604971,1036,5806,0.178436101
4,30-Day MH Readmission,2,COVERAGE CATEGORY,FFS,Adult-Art28 and 31,2014,Q3,732,4367,0.167620792,2160,12679,0.170360439
4,30-Day MH Readmission,2,COVERAGE CATEGORY,FFS,Youth-Art28 and 31,2014,Q3,103,880,0.117045455,321,2767,0.116010119
4,30-Day MH Readmission,4,COVERAGE CATEGORY BY PROVIDER REGION,FFS-NEW YORK CITY,Adult-Art28 and 31,2014,Q3,505,2678,0.188573562,1519,7817,0.194320072
4,30-Day MH Readmission,4,COVERAGE CATEGORY BY PROVIDER REGION,FFS-NEW YORK CITY,Youth-Art28 and 31,2014,Q3,62,494,0.125506073,187,1510,0.12384106
4,30-Day MH Readmission,4,COVERAGE CATEGORY BY PROVIDER REGION,FFS-REST OF STATE,Adult-Art28 and 31,2014,Q3,227,1689,0.134399053,641,4862,0.131838749
4,30-Day MH Readmission,4,COVERAGE CATEGORY BY PROVIDER REGION,FFS-REST OF STATE,Youth-Art28 and 31,2014,Q3,41,386,0.106217617,134,1257,0.106603023
4,30-Day MH Readmission,2,COVERAGE CATEGORY,HIV SNP,Adult-Art28 and 31,2014,Q3,28,123,0.227642276,67,381,0.175853018
4,30-Day MH Readmission,4,COVERAGE CATEGORY BY PROVIDER REGION,HIV SNP-NEW YORK CITY,Adult-Art28 and 31,2014,Q3,28,123,0.227642276,67,381,0.175853018
4,30-Day MH Readmission,2,COVERAGE CATEGORY,MAINSTREAM,Adult-Art28 and 31,2014,Q3,1388,7824,0.177402863,3896,21880,0.178062157
4,30-Day MH Readmission,2,COVERAGE CATEGORY,MAINSTREAM,Youth-Art28 and 31,2014,Q3,203,1872,0.108440171,612,6139,0.099690503
4,30-Day MH Readmission,4,COVERAGE CATEGORY BY PROVIDER REGION,MAINSTREAM-NEW YORK CITY,Adult-Art28 and 31,2014,Q3,900,4416,0.203804348,2591,12504,0.207213692
4,30-Day MH Readmission,4,COVERAGE CATEGORY BY PROVIDER REGION,MAINSTREAM-NEW YORK CITY,Youth-Art28 and 31,2014,Q3,126,985,0.127918782,382,3295,0.115933232
4,30-Day MH Readmission,4,COVERAGE CATEGORY BY PROVIDER REGION,MAINSTREAM-REST OF STATE,Adult-Art28 and 31,2014,Q3,488,3408,0.143192488,1305,9376,0.139185154
4,30-Day MH Readmission,4,COVERAGE CATEGORY BY PROVIDER REGION,MAINSTREAM-REST OF STATE,Youth-Art28 and 31,2014,Q3,77,887,0.08680947,230,2844,0.080872011
4,30-Day MH Readmission,3,PROVIDER REGION,NEW YORK CITY,Adult-Art28 and 31,2014,Q3,1433,7217,0.198558958,4177,20702,0.201767945
4,30-Day MH Readmission,3,PROVIDER REGION,NEW YORK CITY,Youth-Art28 and 31,2014,Q3,188,1479,0.127112914,569,4805,0.118418314
4,30-Day MH Readmission,3,PROVIDER REGION,REST OF STATE,Adult-Art28 and 31,2014,Q3,715,5097,0.140278595,1946,14238,0.1366765
4,30-Day MH Readmission,3,PROVIDER REGION,REST OF STATE,Youth-Art28 and 31,2014,Q3,118,1273,0.092694423,364,4101,0.088758839
4,30-Day MH Readmission,1,STATEWIDE,STATEWIDE,Adult-Art28 and 31,2014,Q3,2148,12314,0.174435602,6123,34940,0.175243274
4,30-Day MH Readmission,1,STATEWIDE,STATEWIDE,Youth-Art28 and 31,2014,Q3,306,2752,0.11119186,933,8906,0.104760835
5,90-Day MH Readmission,2,COVERAGE CATEGORY,FFS,Adult-Art28 and 31,2014,Q3,1076,4285,0.251108518,3215,12434,0.258565224
5,90-Day MH Readmission,2,COVERAGE CATEGORY,FFS,Youth-Art28 and 31,2014,Q3,163,814,0.2002457,505,2581,0.195660597
5,90-Day MH Readmission,4,COVERAGE CATEGORY BY PROVIDER REGION,FFS-NEW YORK CITY,Adult-Art28 and 31,2014,Q3,727,2636,0.275796662,2217,7681,0.288634292
5,90-Day MH Readmission,4,COVERAGE CATEGORY BY PROVIDER REGION,FFS-NEW YORK CITY,Youth-Art28 and 31,2014,Q3,101,466,0.216738197,304,1423,0.213633169
5,90-Day MH Readmission,4,COVERAGE CATEGORY BY PROVIDER REGION,FFS-REST OF STATE,Adult-Art28 and 31,2014,Q3,349,1649,0.21164342,998,4753,0.209972649
5,90-Day MH Readmission,4,COVERAGE CATEGORY BY PROVIDER REGION,FFS-REST OF STATE,Youth-Art28 and 31,2014,Q3,62,348,0.17816092,201,1158,0.17357513
5,90-Day MH Readmission,2,COVERAGE CATEGORY,HIV SNP,Adult-Art28 and 31,2014,Q3,40,123,0.325203252,112,375,0.298666667
5,90-Day MH Readmission,4,COVERAGE CATEGORY BY PROVIDER REGION,HIV SNP-NEW YORK CITY,Adult-Art28 and 31,2014,Q3,40,123,0.325203252,112,375,0.298666667
5,90-Day MH Readmission,2,COVERAGE CATEGORY,MAINSTREAM,Adult-Art28 and 31,2014,Q3,2315,7660,0.302219321,6532,21393,0.30533352
5,90-Day MH Readmission,2,COVERAGE CATEGORY,MAINSTREAM,Youth-Art28 and 31,2014,Q3,334,1754,0.190421893,1028,5793,0.17745555
5,90-Day MH Readmission,4,COVERAGE CATEGORY BY PROVIDER REGION,MAINSTREAM-NEW YORK CITY,Adult-Art28 and 31,2014,Q3,1493,4344,0.343692449,4317,12282,0.351489985
5,90-Day MH Readmission,4,COVERAGE CATEGORY BY PROVIDER REGION,MAINSTREAM-NEW YORK CITY,Youth-Art28 and 31,2014,Q3,212,928,0.228448276,642,3131,0.205046311
5,90-Day MH Readmission,4,COVERAGE CATEGORY BY PROVIDER REGION,MAINSTREAM-REST OF STATE,Adult-Art28 and 31,2014,Q3,822,3316,0.247889023,2215,9111,0.243112721
5,90-Day MH Readmission,4,COVERAGE CATEGORY BY PROVIDER REGION,MAINSTREAM-REST OF STATE,Youth-Art28 and 31,2014,Q3,122,826,0.147699758,386,2662,0.145003757
5,90-Day MH Readmission,3,PROVIDER REGION,NEW YORK CITY,Adult-Art28 and 31,2014,Q3,2260,7103,0.318175419,6646,20338,0.326777461
5,90-Day MH Readmission,3,PROVIDER REGION,NEW YORK CITY,Youth-Art28 and 31,2014,Q3,313,1394,0.224533716,946,4554,0.207729469
5,90-Day MH Readmission,3,PROVIDER REGION,REST OF STATE,Adult-Art28 and 31,2014,Q3,1171,4965,0.235850957,3213,13864,0.231751298
5,90-Day MH Readmission,3,PROVIDER REGION,REST OF STATE,Youth-Art28 and 31,2014,Q3,184,1174,0.156729131,587,3820,0.153664921
5,90-Day MH Readmission,1,STATEWIDE,STATEWIDE,Adult-Art28 and 31,2014,Q3,3431,12068,0.284305602,9859,34202,0.288257997
5,90-Day MH Readmission,1,STATEWIDE,STATEWIDE,Youth-Art28 and 31,2014,Q3,497,2568,0.193535826,1533,8374,0.183066635
4,30-Day MH Readmission,2,COVERAGE CATEGORY,FFS,Adult-Art28 and 31,2014,Q4,699,4161,0.167988464,2859,16840,0.169774347
4,30-Day MH Readmission,2,COVERAGE CATEGORY,FFS,Youth-Art28 and 31,2014,Q4,93,961,0.096774194,414,3728,0.111051502
4,30-Day MH Readmission,4,COVERAGE CATEGORY BY PROVIDER REGION,FFS-NEW YORK CITY,Adult-Art28 and 31,2014,Q4,492,2587,0.190181678,2011,10404,0.193291042
4,30-Day MH Readmission,4,COVERAGE CATEGORY BY PROVIDER REGION,FFS-NEW YORK CITY,Youth-Art28 and 31,2014,Q4,54,527,0.102466793,241,2037,0.118311242
4,30-Day MH Readmission,4,COVERAGE CATEGORY BY PROVIDER REGION,FFS-REST OF STATE,Adult-Art28 and 31,2014,Q4,207,1574,0.131512071,848,6436,0.131758856
4,30-Day MH Readmission,4,COVERAGE CATEGORY BY PROVIDER REGION,FFS-REST OF STATE,Youth-Art28 and 31,2014,Q4,39,434,0.089861751,173,1691,0.102306328
4,30-Day MH Readmission,2,COVERAGE CATEGORY,HIV SNP,Adult-Art28 and 31,2014,Q4,24,112,0.214285714,91,493,0.184584178
4,30-Day MH Readmission,4,COVERAGE CATEGORY BY PROVIDER REGION,HIV SNP-NEW YORK CITY,Adult-Art28 and 31,2014,Q4,24,112,0.214285714,91,493,0.184584178
4,30-Day MH Readmission,2,COVERAGE CATEGORY,MAINSTREAM,Adult-Art28 and 31,2014,Q4,1408,7555,0.186366645,5304,29435,0.180193647
4,30-Day MH Readmission,2,COVERAGE CATEGORY,MAINSTREAM,Youth-Art28 and 31,2014,Q4,217,2278,0.095258999,829,8417,0.098491149
4,30-Day MH Readmission,4,COVERAGE CATEGORY BY PROVIDER REGION,MAINSTREAM-NEW YORK CITY,Adult-Art28 and 31,2014,Q4,922,4259,0.216482742,3513,16763,0.209568693
4,30-Day MH Readmission,4,COVERAGE CATEGORY BY PROVIDER REGION,MAINSTREAM-NEW YORK CITY,Youth-Art28 and 31,2014,Q4,124,1229,0.100895037,506,4524,0.111847922
4,30-Day MH Readmission,4,COVERAGE CATEGORY BY PROVIDER REGION,MAINSTREAM-REST OF STATE,Adult-Art28 and 31,2014,Q4,486,3296,0.147451456,1791,12672,0.141335227
4,30-Day MH Readmission,4,COVERAGE CATEGORY BY PROVIDER REGION,MAINSTREAM-REST OF STATE,Youth-Art28 and 31,2014,Q4,93,1049,0.088655863,323,3893,0.082969432
4,30-Day MH Readmission,3,PROVIDER REGION,NEW YORK CITY,Adult-Art28 and 31,2014,Q4,1438,6958,0.206668583,5615,27660,0.203000723
4,30-Day MH Readmission,3,PROVIDER REGION,NEW YORK CITY,Youth-Art28 and 31,2014,Q4,178,1756,0.101366743,747,6561,0.113854595
4,30-Day MH Readmission,3,PROVIDER REGION,REST OF STATE,Adult-Art28 and 31,2014,Q4,693,4870,0.142299795,2639,19108,0.138109692
4,30-Day MH Readmission,3,PROVIDER REGION,REST OF STATE,Youth-Art28 and 31,2014,Q4,132,1483,0.089008766,496,5584,0.088825215
4,30-Day MH Readmission,1,STATEWIDE,STATEWIDE,Adult-Art28 and 31,2014,Q4,2131,11828,0.180165708,8254,46768,0.176488197
4,30-Day MH Readmission,1,STATEWIDE,STATEWIDE,Youth-Art28 and 31,2014,Q4,310,3239,0.095708552,1243,12145,0.102346645
5,90-Day MH Readmission,2,COVERAGE CATEGORY,FFS,Adult-Art28 and 31,2014,Q4,1038,4085,0.254100367,4253,16519,0.257461105
5,90-Day MH Readmission,2,COVERAGE CATEGORY,FFS,Youth-Art28 and 31,2014,Q4,143,899,0.159065628,648,3480,0.186206897
5,90-Day MH Readmission,4,COVERAGE CATEGORY BY PROVIDER REGION,FFS-NEW YORK CITY,Adult-Art28 and 31,2014,Q4,722,2542,0.284028324,2939,10223,0.287488995
5,90-Day MH Readmission,4,COVERAGE CATEGORY BY PROVIDER REGION,FFS-NEW YORK CITY,Youth-Art28 and 31,2014,Q4,81,494,0.163967611,385,1917,0.200834637
5,90-Day MH Readmission,4,COVERAGE CATEGORY BY PROVIDER REGION,FFS-REST OF STATE,Adult-Art28 and 31,2014,Q4,316,1543,0.204795852,1314,6296,0.208703939
5,90-Day MH Readmission,4,COVERAGE CATEGORY BY PROVIDER REGION,FFS-REST OF STATE,Youth-Art28 and 31,2014,Q4,62,405,0.15308642,263,1563,0.168266155
5,90-Day MH Readmission,2,COVERAGE CATEGORY,HIV SNP,Adult-Art28 and 31,2014,Q4,38,109,0.348623853,150,484,0.309917355
5,90-Day MH Readmission,4,COVERAGE CATEGORY BY PROVIDER REGION,HIV SNP-NEW YORK CITY,Adult-Art28 and 31,2014,Q4,38,109,0.348623853,150,484,0.309917355
5,90-Day MH Readmission,2,COVERAGE CATEGORY,MAINSTREAM,Adult-Art28 and 31,2014,Q4,2273,7394,0.307411415,8805,28787,0.305867232
5,90-Day MH Readmission,2,COVERAGE CATEGORY,MAINSTREAM,Youth-Art28 and 31,2014,Q4,331,2142,0.154528478,1359,7935,0.171266541
5,90-Day MH Readmission,4,COVERAGE CATEGORY BY PROVIDER REGION,MAINSTREAM-NEW YORK CITY,Adult-Art28 and 31,2014,Q4,1474,4190,0.351789976,5791,16472,0.351566294
5,90-Day MH Readmission,4,COVERAGE CATEGORY BY PROVIDER REGION,MAINSTREAM-NEW YORK CITY,Youth-Art28 and 31,2014,Q4,190,1165,0.163090129,832,4296,0.193668529
5,90-Day MH Readmission,4,COVERAGE CATEGORY BY PROVIDER REGION,MAINSTREAM-REST OF STATE,Adult-Art28 and 31,2014,Q4,799,3204,0.24937578,3014,12315,0.244742184
5,90-Day MH Readmission,4,COVERAGE CATEGORY BY PROVIDER REGION,MAINSTREAM-REST OF STATE,Youth-Art28 and 31,2014,Q4,141,977,0.144319345,527,3639,0.144820005
5,90-Day MH Readmission,3,PROVIDER REGION,NEW YORK CITY,Adult-Art28 and 31,2014,Q4,2234,6841,0.326560444,8880,27179,0.326722837
5,90-Day MH Readmission,3,PROVIDER REGION,NEW YORK CITY,Youth-Art28 and 31,2014,Q4,271,1659,0.163351417,1217,6213,0.195879607
5,90-Day MH Readmission,3,PROVIDER REGION,REST OF STATE,Adult-Art28 and 31,2014,Q4,1115,4747,0.234885191,4328,18611,0.232550642
5,90-Day MH Readmission,3,PROVIDER REGION,REST OF STATE,Youth-Art28 and 31,2014,Q4,203,1382,0.146888567,790,5202,0.151864667
5,90-Day MH Readmission,1,STATEWIDE,STATEWIDE,Adult-Art28 and 31,2014,Q4,3349,11588,0.289005868,13208,45790,0.288447259
5,90-Day MH Readmission,1,STATEWIDE,STATEWIDE,Youth-Art28 and 31,2014,Q4,474,3041,0.15586978,2007,11415,0.175821288
